0.0,0,3,0,0,0,0,0,0
0.000200952,0,3.000033492,0,0,0,0,0,0
0.001205746,0,3.000200951,0,0,0,0,0,0
0.006230556,0,3.001038246,0,0,0,0,0,0
0.03137564,0,3.005224629,0,0,0,0,0,0
0.157626703,0,3.026145181,0,0,0,0,0,0
0.801930492,0,3.12933162,0,0,0,0,0,0
1.413849546,0,3.219449334,0,0,0,0,0,0
2.042405791,0,3.301440454,0,0,0,0,0,0
2.657001616,0,3.369409999,0,0,0,0,0,0
2.882909709,0,3.391086761,0,0,0,0,0,0
3.110208614,0,3.411017535,0,0,0,0,0,0
3.229079802,0,3.420674746,0,0,0,0,0,0
3.32006494,3.76E-07,3.427706131,4.15E-05,-1.25E-10,0.000322737,1.21E-05,2.95E-05,0.002195431
3.411232908,2.97E-06,3.434435563,0.000159033,-1.86E-09,0.000623421,4.63E-05,0.000114796,0.004193089
3.518934458,1.17E-05,3.441974613,0.000380441,-1.08E-08,0.000948973,0.00011053,0.000279426,0.006280924
3.64386827,3.34E-05,3.450158104,0.000730704,-4.08E-08,0.001304258,0.000211789,0.00054713,0.008447455
3.784289957,7.79E-05,3.45862986,0.001224088,-1.17E-07,0.001686222,0.000353923,0.000935549,0.010623904
3.941184358,0.000160005,3.467178633,0.001878838,-2.81E-07,0.002103139,0.000541892,0.001467166,0.012806616
4.10860196,0.000294161,3.475225002,0.002678168,-5.83E-07,0.002547455,0.000770646,0.002136478,0.014917292
4.282398006,0.000494508,3.482394147,0.003594758,-1.07E-06,0.002984269,0.001032266,0.002927704,0.016710125
4.441608736,0.000741494,3.487896573,0.004494569,-1.71E-06,0.003396667,0.001288618,0.003726213,0.018239415
4.638713609,0.001143992,3.493290073,0.005683099,-2.79E-06,0.003932802,0.00162686,0.00480771,0.020054912
4.827069564,0.001642804,3.496971303,0.006892147,-4.17E-06,0.004463371,0.001970888,0.005933307,0.021660754
5.042006314,0.002367332,3.499407606,0.00832804,-6.20E-06,0.00502919,0.002379838,0.007303072,0.022943565
5.240956016,0.003203252,3.499983342,0.009703141,-8.55E-06,0.005597336,0.002772332,0.008642673,0.024195086
5.458644774,0.004321988,3.498762584,0.011269693,-1.17E-05,0.00626128,0.00322104,0.010191382,0.025602393
5.664051071,0.005595091,3.49583911,0.012785382,-1.53E-05,0.006810285,0.003657298,0.011713278,0.026180879
5.857228926,0.007003345,3.491523944,0.014222309,-1.91E-05,0.007362264,0.004073359,0.013177659,0.026810726
6.13099364,0.009384285,3.482820851,0.016311296,-2.55E-05,0.008201866,0.004683323,0.015323225,0.027855097
6.351831469,0.011666673,3.473603567,0.018024199,-3.14E-05,0.008807916,0.005188858,0.017095963,0.028033954
6.533764409,0.013810467,3.46454865,0.019431978,-3.68E-05,0.009287061,0.005608746,0.018563485,0.027960779
6.737565177,0.016514411,3.452852206,0.021003565,-4.33E-05,0.009817114,0.006082886,0.020207813,0.027772913
6.980104313,0.020177092,3.436818864,0.022850871,-5.16E-05,0.010406666,0.006648746,0.0221459,0.027229772
7.235514059,0.024593003,3.417490616,0.024754381,-6.09E-05,0.010976178,0.007243311,0.024142839,0.026324719
7.453318485,0.028841061,3.399065417,0.026333534,-6.93E-05,0.011411001,0.007747131,0.025793487,0.02527075
7.644529807,0.032956513,3.381446659,0.027675052,-7.67E-05,0.011749479,0.0081842,0.02718837,0.024137832
7.83470522,0.037423751,3.362614433,0.028960387,-8.42E-05,0.012044985,0.008612249,0.028514799,0.022843617
8.036414951,0.042585825,3.341248693,0.030261116,-9.21E-05,0.012301652,0.009056581,0.029843286,0.02124112
8.23778838,0.048190322,3.318530982,0.031485291,-9.98E-05,0.012503665,0.009487435,0.031076307,0.019470251
8.447358732,0.054517284,3.293466604,0.032666211,-0.000107408,0.012643593,0.009918163,0.032244842,0.017399769
8.655287111,0.061307279,3.26722246,0.033734419,-0.00011447,0.012714129,0.010324739,0.033276484,0.015173232
8.817412593,0.066963885,3.24584934,0.034484749,-0.000119496,0.012702495,0.010623861,0.033981743,0.013211439
8.978447675,0.072902051,3.22386635,0.035154438,-0.000124001,0.012649046,0.010904002,0.034591324,0.011194656
9.294569821,0.085499309,3.178666949,0.036221523,-0.000131116,0.012396723,0.0113947,0.035498485,0.006925793
9.462461089,0.092700738,3.153643272,0.03663017,-0.000133738,0.012207188,0.011614669,0.03580434,0.004694794
9.628998651,0.100195369,3.128186947,0.036928301,-0.000135513,0.011938321,0.011804469,0.035986829,0.002228628
9.86564932,0.111444997,3.091032709,0.0371466,-0.000136454,0.011473444,0.012016958,0.03602364,-0.001298817
10.06219306,0.121317624,3.05940887,0.037127138,-0.000135702,0.010992313,0.0121348,0.035843895,-0.004371353
10.22547715,0.129878563,3.03268888,0.03695802,-0.00013394,0.010552811,0.012185948,0.035540312,-0.006831429
10.39664088,0.139194392,3.004319941,0.036628179,-0.00013099,0.010010256,0.012191233,0.035070749,-0.009610793
10.57270452,0.149131404,2.974839695,0.036121477,-0.0001268,0.009411103,0.012141731,0.03442514,-0.012364057
10.75555885,0.159817893,2.9440026,0.035402095,-0.000121201,0.008731908,0.012024578,0.033573668,-0.01519567
10.93184983,0.170457244,2.914166129,0.034514928,-0.000114654,0.008020324,0.01184329,0.032576464,-0.017914684
11.1081023,0.181404923,2.884342918,0.033429447,-0.000107052,0.007258547,0.011589451,0.031404212,-0.02059075
11.33300417,0.195789813,2.846483473,0.031747886,-9.60E-05,0.006230054,0.011152908,0.029654594,-0.023845539
11.49038593,0.206106991,2.820247893,0.030368086,-8.75E-05,0.005464535,0.010767462,0.028261776,-0.026086257
11.64631288,0.21650973,2.7945691,0.028834738,-7.86E-05,0.004675227,0.010317768,0.026747799,-0.028247371
11.86223872,0.231171821,2.75970441,0.026439108,-6.59E-05,0.003547943,0.00958012,0.024437963,-0.031059009
12.02347014,0.242280258,2.734339093,0.024436772,-5.62E-05,0.002670481,0.008936756,0.022551247,-0.033107533
12.18323119,0.253390969,2.709892998,0.022272495,-4.67E-05,0.001804929,0.008218772,0.020548659,-0.03487921
12.3600866,0.265775006,2.683767409,0.019687049,-3.65E-05,0.000829444,0.00733547,0.018195271,-0.036725996
12.53079555,0.277774412,2.659625065,0.016995196,-2.74E-05,-0.000133981,0.006389985,0.015786327,-0.03844619
12.70000459,0.28967252,2.636878781,0.014142256,-1.91E-05,-0.001089183,0.005363205,0.013272391,-0.0399714
12.87567206,0.301985169,2.614659777,0.010998555,-1.18E-05,-0.002083762,0.004206471,0.010541432,-0.04141294
13.06705607,0.315298745,2.59224723,0.007373739,-5.59E-06,-0.003166318,0.002844528,0.007436295,-0.042819931
13.249018,0.327803883,2.572842544,0.00374816,-1.67E-06,-0.004186168,0.001456816,0.004370255,-0.043971098
13.44186064,0.34083194,2.554480172,-0.0002658,2.75E-08,-0.005255711,-0.000104053,0.001014425,-0.045013854
13.64034754,0.353931716,2.538125159,-0.004559893,-1.18E-06,-0.00634244,-0.001796558,-0.002537986,-0.045903862
13.82556579,0.365810201,2.525338807,-0.008693648,-5.26E-06,-0.007331259,-0.003442554,-0.005927982,-0.046519451
14.13605131,0.384814915,2.509586062,-0.015827866,-1.89E-05,-0.008960497,-0.006306879,-0.011729291,-0.047319741
14.33477201,0.396280758,2.503401484,-0.020486544,-3.24E-05,-0.009950982,-0.0081833,-0.01549554,-0.04747252
14.53316394,0.407108368,2.500347602,-0.025169947,-4.95E-05,-0.010933286,-0.010066239,-0.01927363,-0.047598568
14.77032613,0.419156317,2.500831596,-0.030769984,-7.46E-05,-0.012060924,-0.01230328,-0.023791225,-0.047463988
14.93587343,0.426941394,2.503833656,-0.034646978,-9.51E-05,-0.012818506,-0.013836689,-0.026926009,-0.047201934
15.10171974,0.434191922,2.509011277,-0.038484662,-0.000117888,-0.013550263,-0.015337374,-0.030040179,-0.04678529
15.27552671,0.441172408,2.516722944,-0.042432139,-0.000143916,-0.014286938,-0.016858478,-0.033261056,-0.046183824
15.45129906,0.447561307,2.526833709,-0.046323251,-0.000172224,-0.015002149,-0.018330475,-0.036459928,-0.045422958
15.62902408,0.453310712,2.539332159,-0.050133653,-0.000202559,-0.015700292,-0.019740285,-0.03962252,-0.044541669
15.80437784,0.458261939,2.553802417,-0.053748379,-0.000233802,-0.016346863,-0.021043306,-0.042658341,-0.043449204
15.97411519,0.462355713,2.569722209,-0.057080524,-0.000264822,-0.016955615,-0.022209069,-0.045497338,-0.042353853
16.13644534,0.465616162,2.586599645,-0.060102104,-0.000294872,-0.017479677,-0.023231771,-0.048113286,-0.040988341
16.29309745,0.468147482,2.604315257,-0.062855,-0.000323928,-0.017935174,-0.024130258,-0.050539274,-0.039407533
16.44062376,0.469974062,2.622189018,-0.065276687,-0.000350912,-0.018283949,-0.024888827,-0.052718194,-0.037459127
16.62790433,0.471512026,2.646401388,-0.068075644,-0.000383941,-0.018812088,-0.025718183,-0.055308719,-0.035735918
16.80214114,0.472155029,2.670307021,-0.070468725,-0.000413821,-0.01918695,-0.026383623,-0.057588635,-0.033459266
17.01121243,0.471925169,2.700532502,-0.072967189,-0.00044705,-0.019551498,-0.027012984,-0.060082672,-0.030376511
17.18573452,0.470902549,2.726875526,-0.074732752,-0.000472119,-0.019775568,-0.027399142,-0.061952788,-0.027475361
17.35863108,0.469152377,2.753817367,-0.076177554,-0.000494036,-0.02001977,-0.027655477,-0.063599227,-0.024985311
17.52764162,0.466740959,2.780831701,-0.077313623,-0.000512593,-0.020106782,-0.027795178,-0.0650186,-0.021737726
17.68452861,0.463892266,2.806396951,-0.078098689,-0.000526782,-0.020122096,-0.02782163,-0.066146694,-0.018506187
17.87128743,0.45975023,2.837305075,-0.078691983,-0.000539591,-0.020075853,-0.027727655,-0.06724417,-0.014535438
18.07526224,0.454316795,2.871476991,-0.078911226,-0.000548196,-0.019932689,-0.027474143,-0.06812676,-0.009995485
18.29203871,0.447534441,2.908056789,-0.078650242,-0.000550902,-0.019666898,-0.027039043,-0.068690179,-0.004932589
18.44365134,0.442194679,2.93368676,-0.078168435,-0.000548808,-0.019385733,-0.026638817,-0.068850878,-0.001093528
18.59657987,0.436328895,2.959495454,-0.077432447,-0.000543342,-0.019061122,-0.026158102,-0.068813058,0.002742978
18.77032364,0.42910088,2.98867718,-0.076298449,-0.000533149,-0.018613275,-0.025523627,-0.068525754,0.007239815
18.9318929,0.42186256,3.015601149,-0.074958076,-0.000519909,-0.018127814,-0.024851643,-0.068018844,0.01148771
19.08849448,0.414392658,3.041432203,-0.073405351,-0.000503821,-0.01757362,-0.024130442,-0.067308328,0.015789092
19.24539736,0.406481066,3.06698933,-0.071605709,-0.000484688,-0.01694103,-0.02334299,-0.066379743,0.020229944
19.44258392,0.395965445,3.098560486,-0.06900102,-0.000456646,-0.016045902,-0.022265054,-0.064900064,0.025905668
19.62815194,0.385524547,3.127626249,-0.066223959,-0.000426775,-0.015113227,-0.021170709,-0.063198131,0.031248398
19.81540658,0.374493965,3.156237452,-0.06310794,-0.000393667,-0.01406541,-0.01999201,-0.061173775,0.036741892
19.99093154,0.363740545,3.182332525,-0.059919167,-0.000360509,-0.013030119,-0.01882647,-0.059002608,0.041667611
20.1657547,0.352668091,3.207567573,-0.056497732,-0.00032597,-0.011907121,-0.017612065,-0.056580573,0.046628867
20.32860022,0.34206134,3.230348339,-0.05310245,-0.000292925,-0.010779949,-0.016437134,-0.054095663,0.051282537
20.49399371,0.331031319,3.252727513,-0.049462223,-0.000259006,-0.009560421,-0.015205212,-0.051352015,0.055999518
20.72052463,0.315562295,3.28207025,-0.04418567,-0.000212872,-0.007803696,-0.01346193,-0.047245118,0.062193238
20.89073298,0.303710851,3.303073205,-0.040013979,-0.000179125,-0.006389051,-0.012113574,-0.043900042,0.066839503
21.06199254,0.291630118,3.323262668,-0.035657763,-0.000146613,-0.004908558,-0.010729334,-0.040321694,0.071340493
21.25187776,0.278099302,3.344503201,-0.030657123,-0.000112898,-0.003206866,-0.009166164,-0.036113875,0.076084184
21.4382494,0.264729694,3.364143242,-0.025593702,-8.29E-05,-0.001476372,-0.007607645,-0.031750703,0.080488409
21.62363064,0.251394839,3.382458586,-0.020427037,-5.67E-05,0.000317799,-0.006039036,-0.027197334,0.084729865
21.80489626,0.23837057,3.399161748,-0.015264258,-3.51E-05,0.002122887,-0.004490565,-0.022550471,0.088622418
21.9945116,0.224815234,3.415331314,-0.009765535,-1.74E-05,0.004058889,-0.002859315,-0.01749899,0.092403502
22.19132904,0.210879231,3.430679041,-0.003972891,-4.89E-06,0.006113694,-0.001158048,-0.012067612,0.095995768
22.39615342,0.196589378,3.445071381,0.002124981,1.35E-06,0.008289391,0.000616818,-0.00623259,0.099337405
22.61192139,0.181849975,3.45846357,0.008597124,-7.85E-08,0.01061032,0.002485817,8.96E-05,0.102384678
22.8423538,0.166559223,3.470734825,0.015535178,-1.11E-05,0.013118051,0.004476019,0.007008893,0.105115473
23.08750817,0.150917005,3.481460467,0.022913035,-3.39E-05,0.015798018,0.006581348,0.014521104,0.107365689
23.35724345,0.134599037,3.490460068,0.030987032,-7.24E-05,0.01874682,0.008877402,0.022914965,0.10907992
23.58573552,0.121628319,3.495771471,0.037756951,-0.000115832,0.021200646,0.010800329,0.030085192,0.109709867
23.8108387,0.109718991,3.498921276,0.044332472,-0.000167986,0.023580644,0.012669648,0.037159586,0.109708598
24.04497407,0.098350679,3.499999593,0.051047119,-0.000231576,0.025985485,0.014583859,0.04448792,0.108945344
24.28494273,0.087887318,3.498778889,0.057776087,-0.000305924,0.028396327,0.016511714,0.051926064,0.10762067
24.53392196,0.078422923,3.495028187,0.064562633,-0.000391811,0.0307619,0.018470607,0.059513633,0.105270476
24.72869755,0.072086069,3.490336597,0.069710313,-0.000464324,0.032520067,0.01996972,0.065319725,0.10286898
24.92320451,0.066755827,3.484119547,0.074695974,-0.000540622,0.034177036,0.021435698,0.070976948,0.099939528
25.11642649,0.062503498,3.476436886,0.079481259,-0.000619462,0.035716229,0.022858869,0.076431176,0.096520491
25.30760057,0.059371396,3.467368563,0.084038864,-0.000699623,0.037120369,0.024232328,0.08164027,0.092621095
25.4985774,0.057360167,3.456865259,0.08839895,-0.000780901,0.038403052,0.025566426,0.086630266,0.088279211
25.68880096,0.056514521,3.444982898,0.09253539,-0.000862094,0.039552983,0.026854457,0.091362375,0.083533373
25.87305157,0.056839191,3.432137725,0.096335478,-0.000940088,0.040542453,0.028061284,0.095698038,0.078590847
26.05745588,0.058330169,3.417982893,0.099920539,-0.001016559,0.041353604,0.02922545,0.099769654,0.072988217
26.23256752,0.060858849,3.403355953,0.103112553,-0.001086885,0.041976535,0.030288052,0.103369605,0.067252711
26.41893008,0.064773685,3.386541747,0.106269196,-0.00115836,0.042501614,0.031369563,0.106894895,0.060910038
26.62556405,0.070627105,3.366424121,0.109459902,-0.00123235,0.042901302,0.032503733,0.110407752,0.053564921
26.81653885,0.077483953,3.346483696,0.112097301,-0.001294612,0.043145292,0.033484521,0.113257024,0.046876582
27.00151631,0.085477024,3.325967386,0.114363293,-0.001348593,0.043110787,0.03437143,0.115641835,0.039480365
27.1666011,0.093750693,3.306685707,0.116126966,-0.001390677,0.042922742,0.035104413,0.11743942,0.032635204
27.33824613,0.103506593,3.285694849,0.117685244,-0.001427597,0.042591014,0.035802155,0.118960954,0.02546697
27.53558924,0.11618873,3.260414369,0.11911113,-0.001460608,0.042024914,0.036516274,0.120254667,0.017128104
27.71898135,0.129387621,3.235866046,0.120071788,-0.001481607,0.041326101,0.037089522,0.121007648,0.009361963
27.8948244,0.14332436,3.211418688,0.12063344,-0.001492151,0.040473956,0.037546256,0.121301377,0.001767802
28.06618385,0.158110216,3.186782432,0.120849866,-0.00149346,0.039466482,0.037904058,0.121190328,-0.005791237
28.27559142,0.177783611,3.155656214,0.120629454,-0.001482202,0.038039585,0.038207821,0.120496615,-0.014916468
28.43167488,0.193583485,3.13177847,0.120101157,-0.001464387,0.036806051,0.038330404,0.11957198,-0.021826313
28.58646745,0.210197338,3.10757311,0.119260061,-0.001438764,0.035455899,0.03835841,0.118308339,-0.028650278
28.82127549,0.237158268,3.069959206,0.117362977,-0.001385032,0.033195467,0.038210883,0.115730899,-0.038751966
28.98979723,0.257780045,3.042382436,0.115518882,-0.001335647,0.031420485,0.037951644,0.113385988,-0.04578999
29.15666742,0.279211128,3.014675094,0.11328158,-0.001278254,0.029540154,0.037559041,0.110656916,-0.0525817
29.3306945,0.302592847,2.98543497,0.110501243,-0.001209984,0.027462835,0.036996559,0.107382409,-0.059407589
29.50571569,0.327121585,2.955763869,0.107236095,-0.001133469,0.025259338,0.036264427,0.103654795,-0.066006765
29.6841426,0.353115303,2.92534634,0.103416076,-0.001048388,0.022910672,0.035337022,0.099415599,-0.072400215
29.86705645,0.380727678,2.894105494,0.098982575,-0.000955083,0.020425579,0.034188114,0.094624339,-0.078462336
30.05366603,0.40982189,2.862308557,0.093920049,-0.000855149,0.017809985,0.032800923,0.089290305,-0.084210074
30.24290354,0.440182267,2.830294563,0.088226244,-0.000750657,0.015088896,0.031162016,0.083438123,-0.08957801
30.41484635,0.468425588,2.801547412,0.082570033,-0.000654681,0.012553859,0.02946448,0.077754927,-0.094156158
30.58496229,0.496896577,2.773559236,0.076527595,-0.000560366,0.010040618,0.027584838,0.071808314,-0.098118329
30.76908231,0.528198011,2.743931379,0.069505016,-0.000460954,0.007307041,0.025325034,0.065037269,-0.101921273
30.95578657,0.560334386,2.714769941,0.061895995,-0.000365121,0.004547295,0.022795771,0.057848918,-0.105190832
31.15398894,0.594738183,2.684996595,0.053305527,-0.000271221,0.001640485,0.0198505,0.049896654,-0.108072525
31.34036881,0.627215909,2.658315692,0.044787657,-0.000192548,-0.00107371,0.016846539,0.042159986,-0.110366076
31.52494029,0.659356865,2.633347047,0.035960745,-0.00012571,-0.003709992,0.013655059,0.034281631,-0.112113667
31.73676091,0.696033781,2.606718816,0.025412917,-6.49E-05,-0.006640056,0.009748697,0.025027681,-0.113384532
31.969264,0.735790633,2.580299921,0.013400603,-2.00E-05,-0.009763237,0.005193382,0.01467255,-0.114195143
32.23103919,0.779583055,2.554493418,-0.000550173,1.60E-07,-0.013129197,-0.000215375,0.002852409,-0.114319211
32.50819784,0.824407707,2.532195219,-0.015650404,-1.55E-05,-0.01651957,-0.006180489,-0.009738305,-0.113692565
32.74057826,0.860448151,2.51780555,-0.028441541,-5.88E-05,-0.019185489,-0.011295682,-0.020275023,-0.11244103
32.9433948,0.890546454,2.508632251,-0.039599959,-0.000118709,-0.021416285,-0.015784167,-0.029397413,-0.111099596
33.15275194,0.920119028,2.502583856,-0.051040655,-0.000201447,-0.023624386,-0.020392356,-0.038704784,-0.109480115
33.31960586,0.942497802,2.500296123,-0.060037152,-0.000281659,-0.025289097,-0.024007403,-0.046007027,-0.10785266
33.48654245,0.963754398,2.500270099,-0.068890265,-0.000373656,-0.026878778,-0.02754616,-0.053190534,-0.105983748
33.66906041,0.985622654,2.502823835,-0.078351482,-0.000486401,-0.028537686,-0.031295012,-0.060879081,-0.103717962
33.86345497,1.00725662,2.508472752,-0.088128956,-0.000618769,-0.030214349,-0.035118071,-0.068854259,-0.101046964
34.0183872,1.023223801,2.515092755,-0.095655092,-0.00073183,-0.03146679,-0.038014109,-0.075027911,-0.098611366
34.17391744,1.038078377,2.523574425,-0.102934414,-0.000850639,-0.032614182,-0.040766535,-0.081041077,-0.095656047
34.3765713,1.05562208,2.537283768,-0.111973861,-0.001011472,-0.034045083,-0.044102774,-0.088584548,-0.091725194
34.58038957,1.071153794,2.553954335,-0.12048435,-0.001176926,-0.035361236,-0.047140658,-0.095794164,-0.087361363
34.77548398,1.084002464,2.57244654,-0.128066699,-0.001336385,-0.03658983,-0.04974294,-0.102333044,-0.083373264
34.95482283,1.094052548,2.591475333,-0.134428711,-0.001479759,-0.037552348,-0.051826976,-0.107949263,-0.078969057
35.11622009,1.101648175,2.610135687,-0.139737535,-0.001606429,-0.03831124,-0.053485442,-0.112737659,-0.074558877
35.32267998,1.10936093,2.635939229,-0.145822521,-0.001760629,-0.039204226,-0.055264565,-0.118403302,-0.068865559
35.494178,1.114062442,2.658862002,-0.150242754,-0.00187971,-0.039851669,-0.056446387,-0.122692462,-0.063932086
35.65442066,1.117067338,2.681368268,-0.153827288,-0.001981711,-0.040242918,-0.057306139,-0.126336138,-0.058255585
35.80840201,1.118703136,2.703876172,-0.156801927,-0.002070959,-0.040560138,-0.057926656,-0.129521169,-0.052764961
36.00440534,1.119033393,2.733614917,-0.15984684,-0.002168973,-0.0408242,-0.058408017,-0.133067095,-0.045411353
36.18232849,1.117662699,2.761507785,-0.161890587,-0.002241543,-0.040891619,-0.058556963,-0.135783236,-0.038171731
36.36306984,1.114677163,2.790559233,-0.16325372,-0.002297892,-0.04082851,-0.058435547,-0.138034378,-0.030568927
36.54128328,1.1101983,2.819766344,-0.163906725,-0.002335775,-0.040673406,-0.058062433,-0.13975102,-0.023118569
36.71295493,1.104479244,2.848299385,-0.163883931,-0.002354998,-0.040325448,-0.057474099,-0.140920713,-0.015258993
36.8777863,1.097728161,2.87595198,-0.163256287,-0.002357021,-0.039847685,-0.056705143,-0.141583993,-0.007398313
37.04331497,1.089745577,2.903872442,-0.162001272,-0.002341919,-0.039260388,-0.055730244,-0.14176668,0.000512888
37.20844875,1.080621546,2.931781329,-0.160188115,-0.002311349,-0.038463749,-0.054584219,-0.141499829,0.009124321
37.35595617,1.071526215,2.956683597,-0.158095663,-0.002271074,-0.037730414,-0.053419734,-0.140874379,0.016319474
37.54076864,1.058921912,2.987749718,-0.154836902,-0.002203489,-0.036659605,-0.0517776,-0.139558783,0.025473873
37.70518365,1.046628117,3.015176113,-0.151374091,-0.002128643,-0.035459034,-0.050161948,-0.137902423,0.034451332
37.86213925,1.033988829,3.041100433,-0.147594752,-0.002045355,-0.034214089,-0.048495284,-0.135899719,0.042913512
38.0373133,1.018895063,3.069659657,-0.142828664,-0.001939494,-0.032659916,-0.046495619,-0.133166134,0.052542274
38.21401388,1.002677134,3.097988791,-0.137476519,-0.001820927,-0.031026363,-0.04434696,-0.129892682,0.061671996
38.39399706,0.985201066,3.126269934,-0.131485133,-0.001689785,-0.029171903,-0.042033378,-0.126030414,0.071188935
38.56046837,0.968240351,3.151846311,-0.12549009,-0.00156111,-0.027315126,-0.039793769,-0.121995757,0.07996556
38.73029781,0.950211662,3.177302887,-0.118950245,-0.001424382,-0.025262606,-0.037420014,-0.117430737,0.089003483
38.9007013,0.931450012,3.202144772,-0.111976981,-0.001283431,-0.023044798,-0.034955125,-0.112399551,0.098125529
39.09755661,0.909025604,3.229901228,-0.103466924,-0.001118973,-0.020377201,-0.032023132,-0.10605687,0.108099897
39.29056619,0.886355225,3.25606747,-0.094682342,-0.000958733,-0.017598796,-0.029070549,-0.099300006,0.117651504
39.48145942,0.86336749,3.280863312,-0.085608912,-0.000804152,-0.014710956,-0.026087491,-0.092116977,0.12675196
39.67318581,0.839814251,3.304625919,-0.076154528,-0.000655632,-0.011675562,-0.023040748,-0.084427736,0.135522704
39.86508971,0.815875608,3.327213192,-0.066391501,-0.00051643,-0.008508411,-0.019951439,-0.076281584,0.143905111
40.05869803,0.791462537,3.348739391,-0.056280105,-0.000388159,-0.005192344,-0.016804774,-0.067635534,0.151917466
40.25570282,0.766463912,3.369297642,-0.0457656,-0.000272675,-0.001708518,-0.013582292,-0.058428707,0.159543764
40.45747921,0.740816456,3.388904261,-0.034806959,-0.000172522,0.001959874,-0.010270498,-0.048607075,0.166750386
40.66470866,0.714561851,3.40747319,-0.023400786,-9.10E-05,0.005822872,-0.006867381,-0.038147382,0.173503586
40.87837928,0.687726996,3.424917192,-0.011530026,-3.18E-05,0.009883011,-0.0033665,-0.027012378,0.179684551
41.10016615,0.660286949,3.441158876,0.000855794,1.32E-06,0.014166409,0.000248693,-0.015130426,0.185261276
41.32279711,0.63333575,3.455518939,0.013296585,3.97E-06,0.018500313,0.003847908,-0.002928522,0.189897818
41.58247691,0.602878919,3.469772106,0.027747499,-3.27E-05,0.023574576,0.007996752,0.01157363,0.194011126
41.89888928,0.567569147,3.483459179,0.045162084,-0.00013587,0.029763545,0.012963997,0.029503285,0.19729028
42.10559257,0.545787045,3.490197902,0.056367626,-0.000237341,0.033746009,0.016148862,0.04129184,0.19815259
42.31277374,0.525131794,3.495195839,0.067420051,-0.000365099,0.037672806,0.019286957,0.053105765,0.198037292
42.53518769,0.504420796,3.498599128,0.079047162,-0.00052979,0.041805847,0.022590103,0.065726082,0.196908215
42.75700732,0.485430935,3.499968227,0.090362782,-0.000720451,0.045804047,0.025812438,0.078187207,0.194649181
42.97384809,0.468626066,3.499353792,0.101119441,-0.000929934,0.049567246,0.028888565,0.090185827,0.191344476
43.18900022,0.453812882,3.49684114,0.111462527,-0.001157656,0.053134099,0.031864416,0.101852411,0.186996341
43.4027667,0.44106573,3.492475298,0.121383596,-0.001400533,0.05648669,0.034741765,0.113149828,0.181614671
43.61518261,0.430473137,3.486301764,0.130861986,-0.001655052,0.059604083,0.037518433,0.124027735,0.175222744
43.82648482,0.422109158,3.478358253,0.13988636,-0.001917815,0.062469056,0.040194543,0.134447278,0.167841377
44.03639975,0.416061175,3.468701825,0.148424144,-0.002184686,0.065059001,0.04276345,0.144346136,0.159517111
44.2442591,0.412400354,3.457423205,0.156431114,-0.002450948,0.067350231,0.045214164,0.153649645,0.150326598
44.44903074,0.41115735,3.444659977,0.163857638,-0.002711486,0.069322814,0.047532766,0.162278616,0.14039185
44.64959361,0.412301993,3.430588888,0.170664593,-0.002961426,0.070974063,0.049706921,0.170168095,0.12992512
44.84472999,0.415736565,3.415427129,0.176822826,-0.003196322,0.07228289,0.051725624,0.177269049,0.118974053
45.03254672,0.421269074,3.399483501,0.182267374,-0.003410733,0.073314359,0.053564908,0.183509903,0.108201118
45.21654669,0.428862511,3.382599497,0.18713402,-0.003607209,0.073837519,0.055266211,0.189033677,0.095686299
45.40264517,0.438779699,3.36427211,0.191601166,-0.003790707,0.074352131,0.05689029,0.194018342,0.084428124
45.58758341,0.450911356,3.344836818,0.195542723,-0.003954633,0.074432394,0.058394601,0.198328527,0.07187485
45.75923292,0.46423588,3.325730861,0.198716345,-0.004087416,0.074259999,0.059680224,0.201713959,0.060055625
45.93413104,0.479885214,3.305231047,0.201448316,-0.004201437,0.073711768,0.060873031,0.204529016,0.047055115
46.09857299,0.496527666,3.285030288,0.203547785,-0.004287785,0.072948232,0.061883109,0.206579526,0.03466829
46.27227156,0.516153564,3.26274493,0.205241679,-0.00435511,0.071906001,0.06282183,0.208091477,0.0216599
46.465281,0.540441268,3.236878546,0.206463949,-0.004399319,0.070419304,0.063698599,0.208959416,0.007068451
46.6464842,0.565625011,3.211579252,0.206955531,-0.004410206,0.068708904,0.064351448,0.208978929,-0.006697105
46.82529255,0.592734408,3.185695517,0.20679001,-0.004390801,0.066725045,0.064821104,0.208225972,-0.020274778
47.00044971,0.621454816,3.159502126,0.205975816,-0.004342135,0.064502466,0.065100369,0.206732026,-0.033493541
47.17245089,0.651723872,3.133022733,0.204505861,-0.004264899,0.062069546,0.065181829,0.204514317,-0.046237181
47.33712822,0.682597229,3.107016617,0.202468917,-0.004164272,0.059508834,0.065073051,0.201697901,-0.058205487
47.50294673,0.715523766,3.080236977,0.199773434,-0.004037027,0.056649494,0.064765806,0.198173065,-0.070389249
47.66661361,0.749793342,3.053278136,0.196460519,-0.003886812,0.053626501,0.06425555,0.1940166,-0.082041969
47.92446613,0.807233819,3.009896938,0.18990406,-0.003604292,0.048477982,0.06300969,0.186125714,-0.099604659
48.09680624,0.847879191,2.980400928,0.18455452,-0.003386113,0.044818804,0.061843751,0.179927478,-0.110553941
48.26705465,0.889709677,2.950973131,0.178508455,-0.003150962,0.041037376,0.060417764,0.173103205,-0.120801541
48.44289079,0.934565132,2.920381869,0.17146084,-0.00289089,0.03698341,0.058644466,0.165343571,-0.130712112
48.62139982,0.981701511,2.889240634,0.163471574,-0.00261304,0.032748033,0.056519166,0.156756099,-0.139956972
48.80579952,1.031941229,2.857124407,0.15434006,-0.002316211,0.028292454,0.053966917,0.14717028,-0.148473637
49.0108757,1.08946008,2.82166459,0.143140844,-0.001980746,0.023168197,0.050685771,0.135701868,-0.157416776
49.1752086,1.136638321,2.793600694,0.133389056,-0.001713024,0.019054215,0.047711838,0.125940082,-0.163519184
49.36043784,1.190784783,2.76251945,0.12160548,-0.001418416,0.014415893,0.043991373,0.114385518,-0.169409907
49.55559006,1.248712976,2.730615431,0.108322377,-0.001122709,0.009556686,0.039648794,0.101641192,-0.174506106
49.76396443,1.311265899,2.697772609,0.09322362,-0.000831527,0.004398328,0.034542029,0.087472363,-0.178979199
49.94209044,1.365059112,2.670922423,0.079633913,-0.000608824,9.19E-05,0.029806305,0.074974578,-0.181697015
50.14986001,1.427867108,2.641300624,0.063078208,-0.000386168,-0.004822832,0.023876957,0.060036814,-0.183914685
50.3858657,1.498858886,2.610236452,0.043475754,-0.000189348,-0.010200231,0.016654328,0.042710411,-0.185066724
50.60879119,1.565115843,2.583789503,0.024344048,-6.48E-05,-0.015075656,0.00942156,0.026123458,-0.185093946
50.82769751,1.62898971,2.560891992,0.005141282,-5.11E-06,-0.019642129,0.002007611,0.009747686,-0.184167479
51.10523069,1.707647265,2.536690826,-0.019563325,-2.19E-05,-0.025103812,-0.007711991,-0.010982807,-0.18176508
51.31231851,1.764223378,2.522421637,-0.038068163,-0.000102134,-0.028947864,-0.015090765,-0.026310495,-0.179323664
51.51893291,1.818540048,2.511590466,-0.056449388,-0.000238343,-0.032586122,-0.022471771,-0.041405976,-0.176403685
51.71761299,1.868515649,2.504486941,-0.073933223,-0.000419759,-0.035876885,-0.029511736,-0.055677663,-0.173004101
51.89533405,1.911168915,2.500932213,-0.089313278,-0.000621031,-0.038656223,-0.035696825,-0.068189555,-0.169534606
52.07339733,1.951821425,2.500035533,-0.104389204,-0.000856266,-0.041310768,-0.041730847,-0.080440322,-0.16582377
52.25537943,1.991091417,2.501860549,-0.119362222,-0.001127327,-0.043922599,-0.047673233,-0.092619801,-0.162014065
52.4274303,2.026003545,2.506096814,-0.133079429,-0.001408718,-0.046205193,-0.05305244,-0.103808678,-0.157724019
52.58960487,2.056869629,2.512272643,-0.145526908,-0.001691905,-0.048269422,-0.057861739,-0.114012737,-0.153617793
52.75763997,2.086702583,2.520837771,-0.15788741,-0.001999872,-0.050149356,-0.062551204,-0.124215377,-0.148119835
52.94679033,2.11761039,2.533011655,-0.171115514,-0.002359765,-0.052225247,-0.067451693,-0.135238396,-0.14227884
53.15373809,2.14812431,2.54924274,-0.184647013,-0.002761697,-0.054310306,-0.072305831,-0.146674458,-0.135380539
53.33801511,2.172356257,2.566094033,-0.19581825,-0.003120626,-0.055971793,-0.076162243,-0.156282117,-0.128571773
53.51399043,2.192897895,2.584144006,-0.205541066,-0.003454782,-0.05741034,-0.079372222,-0.164832433,-0.121738951
53.6808597,2.210028546,2.60289333,-0.214075915,-0.003765539,-0.058625221,-0.082060671,-0.172496411,-0.114751585
53.89445446,2.228627323,2.629006239,-0.223775764,-0.004141595,-0.059910254,-0.084913331,-0.181499434,-0.104829042
54.0709634,2.241196412,2.652198202,-0.230750686,-0.004429492,-0.060827418,-0.086785024,-0.188248544,-0.096406406
54.24712095,2.25124033,2.676635715,-0.236695451,-0.004689683,-0.061617909,-0.088200778,-0.194300649,-0.087911347
54.41512418,2.258523055,2.701005483,-0.241434961,-0.004910108,-0.062009584,-0.089150134,-0.199439697,-0.078065309
54.57109591,2.263308002,2.724444816,-0.244998579,-0.00508735,-0.062182917,-0.089684825,-0.203633253,-0.068314496
54.73298896,2.266297188,2.749492911,-0.247835086,-0.005240971,-0.062242791,-0.08989553,-0.207381334,-0.05812499
54.92520047,2.267285771,2.780033142,-0.25004435,-0.005380073,-0.062130909,-0.089701571,-0.211004554,-0.045842532
55.10383997,2.265772846,2.809049835,-0.25098463,-0.005465761,-0.061790717,-0.089111957,-0.213562087,-0.033902641
55.27913709,2.262074153,2.83798066,-0.250862393,-0.005507436,-0.061212338,-0.088165526,-0.215295329,-0.021600333
55.45175442,2.25635305,2.866790425,-0.249738308,-0.0055068,-0.060437678,-0.086894885,-0.216239395,-0.009197505
55.62191396,2.248760188,2.895391307,-0.247632149,-0.005464315,-0.059500339,-0.085318691,-0.216396077,0.003055667
55.7914859,2.239332641,2.923989221,-0.24460358,-0.005382871,-0.05817763,-0.083459742,-0.215810153,0.016746586
56.01722372,2.224022017,2.962040783,-0.239193185,-0.0052171,-0.056286293,-0.080577986,-0.213895188,0.033955317
56.1967056,2.209704189,2.992149265,-0.233790235,-0.005040725,-0.054479085,-0.077976125,-0.211440081,0.048091494
56.37781166,2.193433158,3.022286275,-0.227379916,-0.004825641,-0.052433004,-0.07509294,-0.208124681,0.06235787
56.5609269,2.175219831,3.052408027,-0.219960918,-0.004573998,-0.05007609,-0.071937093,-0.203925302,0.07715416
56.73987128,2.155812507,3.081412254,-0.211829485,-0.0042985,-0.047704222,-0.068636302,-0.198999133,0.090469307
56.92147425,2.134596373,3.11032409,-0.202776876,-0.003995195,-0.044886916,-0.065102642,-0.193214715,0.105156858
57.08756268,2.113945323,3.136234347,-0.193814777,-0.003700412,-0.042113928,-0.061720072,-0.187233643,0.118456157
57.29016404,2.087271325,3.167064418,-0.182064196,-0.003324528,-0.038539668,-0.057423535,-0.179071376,0.134054637
57.48512281,2.060207547,3.195838099,-0.169970383,-0.002952435,-0.034856038,-0.053134855,-0.170344374,0.148707285
57.6840244,2.031342694,3.224203385,-0.156903208,-0.002569367,-0.030852549,-0.048625817,-0.160588679,0.163271446
57.91663998,1.996196344,3.255999643,-0.1407874,-0.002126732,-0.025878988,-0.043212461,-0.148139098,0.179655711
58.10459574,1.966876963,3.280529782,-0.127200132,-0.001781069,-0.021627286,-0.038754851,-0.137313705,0.192430623
58.29379842,1.936688412,3.304111449,-0.113079376,-0.001450194,-0.017170895,-0.034210486,-0.125766028,0.204666666
58.52432309,1.899207591,3.331260068,-0.0953617,-0.001078141,-0.0115336,-0.028618499,-0.11087208,0.218562286
58.71631604,1.867590347,3.352485027,-0.080249241,-0.000800544,-0.006651449,-0.02393267,-0.097828451,0.229430692
58.90944124,1.835591325,3.372516262,-0.064790639,-0.000556124,-0.001600532,-0.019209002,-0.084174363,0.239564659
59.15622706,1.794677313,3.396124421,-0.044755673,-0.000301324,0.005033248,-0.013177692,-0.066024672,0.251289545
59.37783654,1.758177286,3.41536704,-0.026598022,-0.000133291,0.011124195,-0.007787592,-0.049144113,0.260524631
59.61753474,1.719254267,3.434041661,-0.006877265,-2.13E-05,0.017828157,-0.002002671,-0.030358851,0.269121692
59.8496416,1.682406438,3.449963668,0.01220617,1.46E-05,0.024381482,0.003538043,-0.011742163,0.275940844
60.10180172,1.643652103,3.464811207,0.032811763,-2.96E-05,0.031535579,0.009469717,0.008839794,0.281629385
60.37596082,1.603439766,3.478021444,0.054959045,-0.000176535,0.039327824,0.015800498,0.031500106,0.285884191
60.59553876,1.572979976,3.48637882,0.072418043,-0.000367363,0.045497965,0.020768721,0.049747324,0.287550674
60.81584399,1.544234988,3.492766536,0.089629892,-0.000621995,0.051606031,0.025655945,0.068054134,0.287769454
61.06303665,1.514433089,3.497546736,0.108506623,-0.000979025,0.058280286,0.03101369,0.088482689,0.286014928
61.26534639,1.492185588,3.499580619,0.123556269,-0.001323219,0.063602943,0.035291363,0.105023766,0.283249639
61.46076519,1.472700384,3.499942899,0.137737277,-0.001696629,0.068573067,0.039333852,0.120796995,0.279269923
61.68771793,1.452744074,3.498394323,0.153704878,-0.002174978,0.074128651,0.043907598,0.138767572,0.273243757
61.91764781,1.435677886,3.494678252,0.169267937,-0.002701027,0.079411999,0.04839809,0.156485795,0.265152808
62.11783114,1.423581158,3.489694372,0.182304769,-0.003187311,0.083745406,0.052193452,0.171453807,0.256820469
62.36229412,1.412518493,3.481417855,0.197508966,-0.003807324,0.088645038,0.056671588,0.189039991,0.244954923
62.53074926,1.407393923,3.474324358,0.207477102,-0.004244903,0.091650769,0.059646416,0.200640335,0.235075508
62.69891439,1.40440424,3.466121057,0.217034415,-0.004687057,0.094486747,0.062534294,0.21178359,0.224895961
62.91655288,1.403815626,3.453854432,0.22874714,-0.005259145,0.09774781,0.066132944,0.22546552,0.210337351
63.10886515,1.406494833,3.441480869,0.238455333,-0.005758038,0.100317135,0.069178019,0.236803519,0.196868759
63.29413546,1.412019269,3.428213175,0.247199286,-0.006226131,0.102369218,0.071982742,0.246997006,0.18254242
63.47083999,1.420063982,3.414339866,0.25496318,-0.006656011,0.103841593,0.074535886,0.256010168,0.16712693
63.69403426,1.434215938,3.395135392,0.263925289,-0.007167868,0.105283609,0.077580288,0.266335876,0.14722381
63.89009141,1.450426109,3.376737443,0.270997114,-0.007582207,0.106189145,0.080082491,0.274379482,0.129714374
64.07805446,1.469374479,3.357775799,0.277020832,-0.007941314,0.106535626,0.082314869,0.281125745,0.111682542
64.2488326,1.489544497,3.339440558,0.281807777,-0.008229645,0.106434191,0.084188256,0.286384035,0.094577093
64.41891086,1.512478199,3.320148405,0.285896527,-0.008476603,0.105814725,0.085897674,0.290759326,0.076130553
64.64586591,1.547581476,3.292829407,0.29028224,-0.008738818,0.104599165,0.087928562,0.29522485,0.052369953
64.87010261,1.587398227,3.264109037,0.293317806,-0.008913425,0.102705472,0.089620807,0.298007276,0.028334962
65.04901857,1.622873913,3.239994227,0.294731748,-0.008986103,0.100570721,0.090717074,0.298995831,0.008039553
65.21307737,1.658318215,3.216973461,0.295230257,-0.008999295,0.098219755,0.091516325,0.298929169,-0.010714592
65.37124935,1.69514195,3.193980739,0.294955431,-0.008961783,0.095688239,0.092086101,0.297960503,-0.028228961
65.56007052,1.742513989,3.165544389,0.293591921,-0.008849719,0.092140603,0.092481543,0.295601095,-0.049597179
65.73229928,1.78895398,3.138710675,0.291344036,-0.008683873,0.08862986,0.092557619,0.292299469,-0.067934561
65.90640453,1.839013826,3.110763919,0.288053271,-0.008454518,0.08458171,0.092335574,0.287830439,-0.086923799
66.07294566,1.889795972,3.083309847,0.283890996,-0.008177083,0.080320841,0.091814587,0.282466818,-0.104931671
66.2464093,1.94565055,3.054025625,0.278472909,-0.007830247,0.075623869,0.090930794,0.275748505,-0.12253618
66.42274222,2.005457048,3.023610473,0.271807391,-0.007421002,0.070493204,0.089653993,0.267745367,-0.139858144
66.59540537,2.066888606,2.993280845,0.264120366,-0.006969491,0.065178975,0.08800981,0.258773519,-0.155934064
66.77287918,2.132875008,2.961642024,0.254961771,-0.006457468,0.059396241,0.085876248,0.248375007,-0.17176958
66.95678517,2.204140839,2.928484523,0.244152119,-0.005885664,0.053217862,0.083179125,0.236404445,-0.18653704
67.11871312,2.26917449,2.899092273,0.233500119,-0.005354554,0.047565161,0.080369005,0.224883142,-0.198691902
67.30009696,2.344367529,2.86609527,0.220317529,-0.004739072,0.04100112,0.076719399,0.210942924,-0.211549686
67.45360543,2.409767831,2.838234882,0.208115809,-0.004208766,0.0353696,0.073194794,0.198321785,-0.221189594
67.62479174,2.484390294,2.807389136,0.193420423,-0.003617855,0.029092815,0.068788202,0.183429631,-0.230243446
67.79841983,2.56164741,2.776518444,0.177392797,-0.003030398,0.022716009,0.063803651,0.167526842,-0.237975333
67.97088258,2.639668803,2.746462266,0.160403896,-0.002470142,0.016384721,0.058337553,0.15101762,-0.244416744
68.14854778,2.721058736,2.716348284,0.141865668,-0.001929324,0.009951212,0.052179205,0.133367016,-0.249497344
68.31510734,2.797985599,2.68910329,0.123592396,-0.001465807,0.003981805,0.045928129,0.116306977,-0.253246441
68.47987183,2.874373887,2.663287011,0.104767138,-0.001058114,-0.001795684,0.03931726,0.099044009,-0.255797583
68.66411638,2.959763325,2.635989517,0.082941043,-0.000671435,-0.008053164,0.031454483,0.079388096,-0.257227276
68.87088578,3.055043528,2.607640569,0.057652428,-0.000335336,-0.014816957,0.022105438,0.057040419,-0.257402945
69.07276684,3.146960081,2.582615398,0.032342293,-0.000115683,-0.021135567,0.012522423,0.035076739,-0.256323968
69.32698943,3.260307362,2.555288998,-8.03E-05,6.09E-08,-0.028647993,-3.14E-05,0.007443098,-0.253358416
69.54809605,3.355982512,2.535678899,-0.028481522,-4.76E-05,-0.0348087,-0.011231834,-0.016374196,-0.24975909
69.74819153,3.439697838,2.521494678,-0.054123648,-0.000207651,-0.040063461,-0.021461611,-0.037624284,-0.245774526
69.92440291,3.510829476,2.511920062,-0.07650552,-0.00043703,-0.04439678,-0.030447576,-0.056019453,-0.241442981
70.10100745,3.57942845,2.505125403,-0.098605829,-0.000744893,-0.048541323,-0.039341325,-0.074081918,-0.236880235
70.29320007,3.650771601,2.500944435,-0.122158239,-0.001161704,-0.052820412,-0.048806054,-0.093259591,-0.231598547
70.48667171,3.718874277,2.500104504,-0.145213536,-0.001658526,-0.056883631,-0.058017802,-0.112004582,-0.225896493
70.75510267,3.806833568,2.504424205,-0.175857478,-0.002456089,-0.062019501,-0.070103658,-0.136963237,-0.216604056
70.97769554,3.873766284,2.512663465,-0.19984286,-0.003191643,-0.065969588,-0.079367203,-0.156619663,-0.208520842
71.16294091,3.925197781,2.522576222,-0.218700381,-0.003840412,-0.068922269,-0.086480991,-0.172206267,-0.200648153
71.33729915,3.970007453,2.534302657,-0.235456466,-0.004470638,-0.071521449,-0.092641847,-0.186199933,-0.19292767
71.54503758,4.018802731,2.551115361,-0.254023049,-0.005230737,-0.074249725,-0.099246188,-0.201934441,-0.182378507
71.72836884,4.05771029,2.568334207,-0.269083175,-0.005897641,-0.076840604,-0.104388698,-0.214937625,-0.175394826
71.90807786,4.092073092,2.587202981,-0.28260422,-0.006537696,-0.07860772,-0.108800212,-0.226864605,-0.164189348
72.05875941,4.118020573,2.60441872,-0.29298501,-0.007057789,-0.079939276,-0.112024376,-0.23623483,-0.154484236
72.2621194,4.148937249,2.629483426,-0.305434009,-0.007719151,-0.081599523,-0.115639188,-0.24784082,-0.141612293
72.44356533,4.172594449,2.653441877,-0.315027567,-0.008261664,-0.08273453,-0.118170974,-0.257181462,-0.128905966
72.62017438,4.192122233,2.678037819,-0.322954928,-0.008737479,-0.083572895,-0.120014319,-0.265316902,-0.115822368
72.79348545,4.207992074,2.703249689,-0.329285431,-0.009143357,-0.084243472,-0.121213791,-0.272303888,-0.103112403
72.96513377,4.220560816,2.729131425,-0.334193087,-0.009483073,-0.08432498,-0.121847393,-0.27827379,-0.087702044
73.14803367,4.230584218,2.757560574,-0.337900296,-0.009770285,-0.084016185,-0.121928119,-0.283556323,-0.069940504
73.34026353,4.237478285,2.788222977,-0.340068129,-0.009982078,-0.084167273,-0.121366467,-0.287856262,-0.056211419
73.48734268,4.24029708,2.81212166,-0.340624046,-0.010084476,-0.083274085,-0.120539844,-0.290334529,-0.039917987
73.63569811,4.241043881,2.836531224,-0.340215531,-0.010133827,-0.082690422,-0.119370464,-0.292105698,-0.026722541
73.82748062,4.238978596,2.868421894,-0.338155653,-0.010111192,-0.081453877,-0.117347467,-0.293228635,-0.008049997
73.99214167,4.234570403,2.896001534,-0.335062278,-0.010016259,-0.079949325,-0.115186098,-0.293157282,0.009432225
74.15430356,4.227937771,2.923250539,-0.33083991,-0.009855889,-0.078128867,-0.112695824,-0.292145086,0.02746909
74.31292045,4.219334037,2.949909692,-0.325636361,-0.009638585,-0.07639074,-0.109943451,-0.290269262,0.043323722
74.50741873,4.20604706,2.982499883,-0.31781522,-0.009293186,-0.07382735,-0.106159406,-0.286754734,0.063635138
74.67546446,4.192253119,3.010477322,-0.309843913,-0.008930755,-0.071262067,-0.102560734,-0.282661007,0.081674612
74.84437192,4.176337686,3.038346273,-0.300772667,-0.00851374,-0.068409642,-0.098670759,-0.277589269,0.099861543
75.05355396,4.153942891,3.07239713,-0.288072275,-0.007929853,-0.064457041,-0.093488088,-0.269950642,0.122628823
75.26982764,4.127882503,3.106927955,-0.273422786,-0.007264973,-0.060057073,-0.087778085,-0.260567329,0.145217444
75.49270887,4.098193219,3.141648392,-0.256801562,-0.006529379,-0.05509557,-0.081559698,-0.249341687,0.168056016
75.77490715,4.056915164,3.184125964,-0.233762528,-0.005553169,-0.048193094,-0.073283504,-0.232962844,0.196260404
75.9489248,4.029644227,3.209384804,-0.218556252,-0.004941122,-0.043650108,-0.067994133,-0.221708863,0.212835062
76.12404526,4.000976186,3.234011291,-0.202572056,-0.004328408,-0.038803798,-0.062556289,-0.209541154,0.229259994
76.30751874,3.969786103,3.258898764,-0.185176002,-0.003699775,-0.033461456,-0.056760614,-0.195934687,0.246004122
76.60450517,3.917239051,3.297052373,-0.155837674,-0.002736272,-0.024405192,-0.047230605,-0.172189844,0.271054987
76.85762678,3.870938555,3.327342261,-0.129844918,-0.001991078,-0.016242605,-0.039003823,-0.150377918,0.290813695
77.06247792,3.832798799,3.350262308,-0.108316294,-0.001455601,-0.009402899,-0.032319433,-0.131785983,0.305402027
77.27427607,3.793033426,3.372393106,-0.085702599,-0.000976734,-0.002112061,-0.025407523,-0.111764312,0.31927854
77.4886677,3.752729945,3.393115046,-0.062552822,-0.000578924,0.005468627,-0.018433132,-0.090760146,0.332030223
77.70433914,3.712437893,3.412203622,-0.039107576,-0.000275072,0.013254756,-0.011460589,-0.068977217,0.343404829
77.92695716,3.671438761,3.430011628,-0.014851862,-6.95E-05,0.021422185,-0.004329947,-0.045911665,0.353549071
78.1611205,3.629327689,3.446621602,0.010608448,2.29E-05,0.030095629,0.003077917,-0.021132271,0.362336799
78.41143622,3.585895723,3.461930764,0.037631875,-2.23E-05,0.039419811,0.01086977,0.005799199,0.369615952
78.67718098,3.542092074,3.475380687,0.065967378,-0.000233545,0.049317444,0.01897906,0.034718534,0.374855547
78.9675949,3.497577338,3.486748552,0.096353084,-0.000653202,0.060002436,0.027627048,0.066481798,0.377314717
79.22794242,3.461211389,3.493969544,0.122975255,-0.001190242,0.069512175,0.035181907,0.0949157,0.37746281
79.47353024,3.430439994,3.498206304,0.147452647,-0.00182741,0.078221653,0.042125993,0.121535798,0.374884451
79.71450117,3.403978471,3.499939758,0.170764778,-0.002564932,0.086365948,0.048752115,0.147298483,0.369161864
79.91004403,3.385477013,3.499589514,0.18905875,-0.003234987,0.092741865,0.053970658,0.167801729,0.362927134
80.10592201,3.36981991,3.497669023,0.206894092,-0.00396573,0.098916708,0.059083147,0.187973091,0.355436687
80.33880983,3.35521081,3.493354363,0.227344387,-0.00489913,0.105908818,0.064987465,0.211327186,0.344746672
80.54285162,3.346217578,3.487773537,0.244544091,-0.005763685,0.111582825,0.070000112,0.231133949,0.33311516
80.73813779,3.341133315,3.480869197,0.260316842,-0.006620784,0.116668365,0.074646058,0.249418006,0.320624534
80.92783877,3.339657825,3.472709277,0.274956572,-0.007471313,0.121228195,0.079011556,0.26647319,0.307066373
81.11231473,3.341642688,3.463410506,0.288523429,-0.00830645,0.125131166,0.083114246,0.282328701,0.291570876
81.30112081,3.347310132,3.452510758,0.301698932,-0.009160138,0.128707896,0.087163953,0.297748033,0.27442643
81.51648464,3.358446967,3.438381885,0.315781794,-0.010118507,0.132246665,0.091583319,0.314231724,0.253415316
81.71786157,3.37354083,3.423546401,0.327995383,-0.010986878,0.134974846,0.095514215,0.32849386,0.232254307
81.91054755,3.392374784,3.407890792,0.33878259,-0.011781126,0.137124216,0.099085671,0.341025147,0.21134238
82.09139608,3.414088072,3.391904738,0.3480101,-0.012480378,0.138488504,0.102242438,0.351687207,0.189704728
82.26148798,3.438182015,3.375733085,0.355936253,-0.0130932,0.139156121,0.105051534,0.360739965,0.167472662
82.47186281,3.473046735,3.354214751,0.364613288,-0.013775376,0.13963938,0.108277877,0.37050294,0.14107267
82.65469754,3.50802378,3.334157278,0.371057487,-0.014287665,0.139393873,0.110833665,0.377607619,0.116896852
82.82388535,3.544364382,3.31447885,0.376105635,-0.014689111,0.138388394,0.112990227,0.383006679,0.092131888
83.00693515,3.588084279,3.29198392,0.380503258,-0.015035166,0.136834694,0.115074142,0.387498945,0.065546979
83.18766514,3.635834396,3.268553727,0.383692605,-0.01527817,0.134774625,0.116854307,0.3904888,0.039372299
83.3623249,3.686396022,3.244767374,0.385623979,-0.015412665,0.132093138,0.118290045,0.39195336,0.012998571
83.52842469,3.738574816,3.221114837,0.386337559,-0.015442344,0.128971032,0.119368873,0.39198275,-0.012496796
83.69393544,3.794596271,3.196558386,0.385876676,-0.015370432,0.125478523,0.12013499,0.390623372,-0.036950858
83.85394451,3.852622643,3.171896281,0.384308283,-0.015204426,0.121485037,0.120572715,0.387981436,-0.061338532
84.00567741,3.91119053,3.147690176,0.381731102,-0.014956169,0.117180728,0.120684063,0.384223129,-0.084745
84.16779473,3.977598548,3.120970019,0.377748021,-0.014592211,0.112151918,0.120449555,0.378825835,-0.109096663
84.32650101,4.04645094,3.09398472,0.372557904,-0.014137279,0.106766088,0.119836656,0.37212831,-0.132432887
84.48242758,4.117789585,3.066712388,0.36615454,-0.013596773,0.101026532,0.118833891,0.364159873,-0.154844037
84.65429705,4.200627587,3.035834304,0.357526979,-0.012897171,0.094218633,0.117228957,0.353758032,-0.178702742
84.80875421,4.278781047,3.007413796,0.348339,-0.012182557,0.087688833,0.11531292,0.342970708,-0.199288629
84.96964857,4.363840824,2.977208868,0.337275581,-0.011359474,0.080563859,0.112804904,0.330288927,-0.219308447
85.14707322,4.461816892,2.943300425,0.32327425,-0.010371523,0.072198714,0.109395438,0.314624195,-0.240706155
85.28713779,4.542124787,2.916181153,0.310829171,-0.009540974,0.065383593,0.106186828,0.301017427,-0.256084344
85.44154193,4.633513507,2.886038026,0.295695551,-0.008587577,0.057741842,0.102100988,0.284804296,-0.271077384
85.59642325,4.727991361,2.855670179,0.27903565,-0.007606414,0.049884786,0.097403631,0.267325846,-0.284678211
85.75159053,4.825209358,2.825266389,0.260878731,-0.006615146,0.041898421,0.092076649,0.24866889,-0.296615255
85.91396749,4.929373132,2.793657917,0.240359141,-0.005588759,0.033523065,0.08582607,0.228021308,-0.3069431
86.11375616,5.060377438,2.755376888,0.213074774,-0.004371807,0.023160424,0.077176942,0.201210008,-0.317454376
86.29904593,5.184012313,2.720837194,0.185906343,-0.003320609,0.013737682,0.068220857,0.175163743,-0.324060457
86.4683247,5.298140478,2.69041979,0.159698243,-0.002452182,0.00522992,0.059288547,0.150582059,-0.328470771
86.64066953,5.41487252,2.660882248,0.131819369,-0.001679742,-0.003158558,0.049499256,0.124963757,-0.330732051
86.82342308,5.538543511,2.631481992,0.10118754,-0.001004742,-0.011766021,0.038433746,0.097375208,-0.331366547
87.02992307,5.67721002,2.601078411,0.065550254,-0.000440733,-0.021037718,0.02519585,0.065935909,-0.329910466
87.25012295,5.822663379,2.572454387,0.026792144,-8.86E-05,-0.030390736,0.010414636,0.032435964,-0.326526841
87.45845141,5.956910302,2.549403309,-0.010183353,1.09E-06,-0.038709308,-0.003994385,0.001048303,-0.321922276
87.66207888,6.084063846,2.530962718,-0.046252393,-0.000137334,-0.046339546,-0.01827259,-0.029118118,-0.316384349
87.84117704,6.19198072,2.518242503,-0.077657113,-0.000436257,-0.052658381,-0.030828052,-0.055091192,-0.310963311
88.00671237,6.28807299,2.509462723,-0.106234408,-0.000850859,-0.058127824,-0.042308265,-0.078544015,-0.305193168
88.17348373,6.381044236,2.503522119,-0.134410776,-0.00139184,-0.063328147,-0.053637175,-0.101549083,-0.298966213
88.35064891,6.475336827,2.500374018,-0.16354574,-0.00208897,-0.068609879,-0.065315471,-0.125260346,-0.292488651
88.52754416,6.564681618,2.500407728,-0.191679252,-0.002895454,-0.073550827,-0.07650956,-0.148136554,-0.285487977
88.69797,6.646077114,2.50333906,-0.217746586,-0.003760623,-0.07798875,-0.086764081,-0.169367148,-0.278097932
88.86629193,6.721870672,2.508902963,-0.242391139,-0.004684309,-0.082104346,-0.096313481,-0.189517564,-0.270389806
89.03254465,6.792202018,2.516865708,-0.265514134,-0.005646402,-0.086028846,-0.105105207,-0.208547426,-0.263169479
89.19644477,6.857117832,2.526973081,-0.287061846,-0.006628265,-0.089317178,-0.113114184,-0.226435784,-0.253327662
89.346031,6.912540741,2.538028388,-0.305672174,-0.007544343,-0.09207442,-0.119859564,-0.242039459,-0.243674999
89.55032347,6.982381735,2.555734608,-0.329279233,-0.008801406,-0.095790024,-0.128133492,-0.262124981,-0.231722826
89.72920832,7.038048839,2.573500542,-0.348097965,-0.009884564,-0.098845095,-0.134446462,-0.27846891,-0.221390669
89.89943949,7.086339159,2.592180519,-0.364390941,-0.010885007,-0.10084174,-0.139658014,-0.292942107,-0.206582509
90.06784557,7.129696917,2.612197864,-0.37895735,-0.011833293,-0.10279202,-0.144067156,-0.306221708,-0.192987052
90.26889354,7.175826901,2.637882562,-0.3941655,-0.012886307,-0.104706243,-0.148327515,-0.320605191,-0.175613563
90.44837918,7.21195209,2.662263396,-0.405718675,-0.013738388,-0.105977689,-0.151232537,-0.332071377,-0.15871243
90.62614612,7.243151094,2.687586364,-0.415249718,-0.014486383,-0.106869376,-0.153294399,-0.342114355,-0.141023233
90.80010073,7.26938617,2.713348287,-0.422633856,-0.015109199,-0.107537315,-0.154519365,-0.350588635,-0.123949151
90.97290562,7.29136011,2.739763859,-0.428133399,-0.015616648,-0.10742295,-0.155012881,-0.357708613,-0.10329828
91.13579607,7.308449073,2.765299866,-0.431683838,-0.015989924,-0.107060441,-0.154857561,-0.363246368,-0.08363707
91.31919204,7.32361021,2.794659401,-0.43370611,-0.016276742,-0.106371905,-0.153962857,-0.368037966,-0.061522316
91.50481946,7.334702091,2.824897176,-0.433687246,-0.016422375,-0.105259489,-0.152333824,-0.37134705,-0.038463868
91.6864875,7.341563154,2.854867729,-0.431696571,-0.016423368,-0.103763533,-0.150077228,-0.373081995,-0.01531553
91.86391493,7.34459439,2.884383192,-0.427866175,-0.016287498,-0.101952636,-0.147264987,-0.373307831,0.007465562
92.03454678,7.344223528,2.912895989,-0.422505085,-0.016034959,-0.099783049,-0.144041869,-0.372183049,0.030166111
92.20196544,7.340856578,2.940905078,-0.415619659,-0.015670669,-0.097086798,-0.140393983,-0.369753369,0.054172249
92.36686873,7.334756089,2.968445432,-0.407448581,-0.015214086,-0.094332228,-0.136407529,-0.366179248,0.076399294
92.56940287,7.323662007,3.002094688,-0.395512214,-0.01452485,-0.090509772,-0.130991028,-0.360140884,0.103747198
92.75330331,7.310331721,3.032375931,-0.382965662,-0.013790041,-0.086626847,-0.125627188,-0.353123322,0.128511263
92.93698578,7.294107038,3.062264569,-0.368900991,-0.012966182,-0.082344351,-0.119889002,-0.344685464,0.153203187
93.11859161,7.275387058,3.091376005,-0.353517466,-0.012073722,-0.077829049,-0.113861409,-0.33492762,0.176690161
93.30086862,7.254104198,3.120071033,-0.336799079,-0.011121597,-0.072811593,-0.107529598,-0.323829884,0.200747945
93.50888021,7.227004952,3.152072484,-0.316249608,-0.009984239,-0.0667379,-0.099996058,-0.309603338,0.227061689
93.71846119,7.196951435,3.183401102,-0.294098455,-0.008806472,-0.060203152,-0.092123485,-0.293649929,0.25259817
93.95656464,7.15984452,3.217739842,-0.267372707,-0.007461105,-0.052332827,-0.082902875,-0.273657123,0.280017856
94.16997439,7.124268578,3.247264682,-0.242193601,-0.006276773,-0.044771724,-0.074446043,-0.254152532,0.303903403
94.36080311,7.09089065,3.27257595,-0.218833379,-0.005255637,-0.037744776,-0.066769446,-0.235522555,0.323792504
94.55085153,7.056435488,3.296691583,-0.194903936,-0.004291654,-0.030403954,-0.059052333,-0.215935855,0.342928623
94.74141,7.02092317,3.319715584,-0.170358152,-0.003393377,-0.022801932,-0.051272117,-0.195339431,0.360822418
95.01194592,6.969347926,3.350303455,-0.134766116,-0.002262026,-0.01162926,-0.040203373,-0.164602931,0.38394334
95.25592894,6.922222437,3.375669364,-0.102129671,-0.001411612,-0.001169162,-0.030245417,-0.135545214,0.402745345
95.45926691,6.882916006,3.39513217,-0.074687724,-0.000841458,0.007758985,-0.021994926,-0.110485091,0.41666901
95.68025354,6.840563169,3.414498668,-0.044746493,-0.000376456,0.017656036,-0.0131041,-0.082504061,0.430062233
95.91396199,6.796629894,3.432904241,-0.013084088,-6.97E-05,0.02828783,-0.003811357,-0.052204786,0.442148951
96.15659997,6.752460063,3.449706793,0.019640032,4.03E-05,0.039449434,0.005693185,-0.020137111,0.452474606
96.39743218,6.710593671,3.464022829,0.051826305,-6.42E-05,0.050581675,0.01496019,0.012141415,0.460312118
96.65699783,6.668267739,3.476787685,0.086050137,-0.00041454,0.062532212,0.024744845,0.047242836,0.465733684
96.90027583,6.631781609,3.486224748,0.117558881,-0.000962003,0.073670701,0.033708197,0.080249416,0.468319037
97.1427155,6.59900401,3.49319045,0.148309999,-0.001710081,0.08458555,0.042431406,0.113075095,0.468098773
97.37701644,6.571187576,3.497610594,0.177332284,-0.002614468,0.094952293,0.050657603,0.14458268,0.465632667
97.60488631,6.548191294,3.49973692,0.20482401,-0.003652525,0.104730604,0.058458861,0.174877113,0.460612023
97.82154154,6.530393512,3.499781691,0.230216925,-0.004770872,0.113676074,0.065685734,0.203226885,0.45331459
98.03476317,6.51706855,3.49795551,0.254434627,-0.005982226,0.122108169,0.072610221,0.230572391,0.4438375
98.24714108,6.508230186,3.494304171,0.277724197,-0.007282079,0.129987818,0.07931239,0.257135697,0.431445445
98.45583042,6.504137072,3.488946521,0.299742982,-0.008633613,0.137553863,0.085701736,0.282464729,0.419008316
98.65812034,6.50477449,3.482089121,0.320245807,-0.009999353,0.144162901,0.09171145,0.306202788,0.403178516
98.83739513,6.509329049,3.474649887,0.337706194,-0.01124362,0.149568034,0.096887125,0.32650347,0.387279721
99.02182259,6.518113877,3.465666753,0.35488558,-0.012541138,0.154638782,0.102044694,0.346552688,0.369036251
99.23530922,6.533713663,3.45358869,0.373716852,-0.014046392,0.159911102,0.107791735,0.368589341,0.34602806
99.43469411,6.553787423,3.440683331,0.390254766,-0.015438342,0.164217217,0.112940947,0.387947641,0.322768102
99.62547338,6.578195549,3.426864983,0.40502998,-0.016736753,0.167839817,0.117646774,0.405232914,0.299663892
99.80964287,6.606782925,3.412158433,0.418288379,-0.017944095,0.17031948,0.121979026,0.420694105,0.273039721
99.97287277,6.636403301,3.39799683,0.429190556,-0.018964912,0.171997362,0.125641613,0.433332595,0.248284097
100.1728604,6.678388497,3.37919334,0.441352152,-0.020131844,0.173561685,0.129873571,0.447320679,0.218008402
100.357222,6.722859574,3.360430073,0.451308921,-0.02110707,0.174321414,0.133502118,0.45864294,0.18907301
100.5293051,6.769550218,3.341666619,0.459457423,-0.02191539,0.173970212,0.136636778,0.467761645,0.158242673
100.6850454,6.816269578,3.323633109,0.465855063,-0.022552829,0.173133518,0.139257184,0.474756462,0.129873746
100.8750624,6.879214652,3.300259523,0.472242542,-0.023187475,0.171424258,0.142127743,0.481514118,0.094870841
101.0497265,6.943037675,3.277426575,0.476685813,-0.023620049,0.169070481,0.144432382,0.48592499,0.061828379
101.2161784,7.009364367,3.254447776,0.479521198,-0.023881567,0.16609266,0.146290738,0.488400024,0.029621887
101.3729105,7.076887438,3.23170789,0.480856633,-0.02398238,0.162607311,0.147709638,0.489099637,-0.001258086
101.5267239,7.148078606,3.208338414,0.480827255,-0.023935271,0.158351204,0.148760848,0.488168713,-0.033173245
101.6816062,7.224835291,3.183741376,0.479372729,-0.023734122,0.153442393,0.149446372,0.485534984,-0.065224885
101.831501,7.304095478,3.158910688,0.47651215,-0.023386135,0.148061101,0.149718191,0.481288118,-0.096188364
102.0034929,7.401223864,3.129171874,0.471324959,-0.022793078,0.141196109,0.14949909,0.474245493,-0.130865207
102.1662724,7.499377333,3.09980118,0.464401442,-0.022036718,0.133910985,0.148710505,0.465343898,-0.163334858
102.3291358,7.603760216,3.069238093,0.455359893,-0.021088366,0.125828757,0.147288115,0.454159952,-0.195430656
102.4777503,7.704475828,3.04034666,0.445181018,-0.020061545,0.117821446,0.145391234,0.441924837,-0.223832904
102.6234402,7.808306128,3.011132421,0.433307229,-0.018911185,0.109419722,0.142920621,0.427999715,-0.250540476
102.7645368,7.913667514,2.982047657,0.419925845,-0.017670274,0.100744329,0.13989808,0.412659034,-0.275427275
102.8930042,8.013671149,2.954944603,0.406089157,-0.016444163,0.092418516,0.136571511,0.397110213,-0.297054345
103.0258172,8.1210601,2.926373543,0.390020417,-0.015089867,0.083574496,0.132496898,0.379418705,-0.317120542
103.1601977,8.233729127,2.89698809,0.371955471,-0.013651048,0.074268134,0.127695229,0.359911498,-0.336001088
103.2931043,8.348949749,2.867568341,0.35224971,-0.012178667,0.064834883,0.122226844,0.339054723,-0.352613919
103.4307264,8.471965877,2.836880155,0.32992854,-0.010627971,0.054856374,0.115779652,0.315901114,-0.367768733
103.5735051,8.603209327,2.804995282,0.30477205,-0.009023163,0.044470776,0.108228753,0.290338304,-0.380409051
103.7266539,8.747539872,2.771010675,0.275608999,-0.007344923,0.03325531,0.099135499,0.261345185,-0.391362567
103.8892103,8.903983432,2.735549458,0.242345695,-0.00566006,0.021419535,0.08836055,0.229037385,-0.3998358
104.0267695,9.03826903,2.706352374,0.212544736,-0.004350134,0.011599688,0.07837463,0.200711822,-0.404260354
104.1731678,9.182311672,2.676430779,0.179377576,-0.003106174,0.001318604,0.06692111,0.169815864,-0.407148737
104.3170108,9.324169892,2.648514155,0.145589219,-0.002063001,-0.008395191,0.054914881,0.138960382,-0.40738297
104.4907982,9.494817142,2.617197651,0.103593263,-0.001071047,-0.019644913,0.039561098,0.101390556,-0.405357409
104.6446729,9.644160019,2.59205381,0.06570715,-0.000456704,-0.029129673,0.025344027,0.068162047,-0.401972853
104.8374964,9.827514077,2.564441021,0.017849399,-4.91E-05,-0.040314645,0.006960235,0.026972045,-0.395974382
105.0035791,9.980918637,2.544440173,-0.023266417,-1.85E-05,-0.049368591,-0.009143767,-0.00781474,-0.389957911
105.1668566,10.12677023,2.528371331,-0.063236179,-0.000265559,-0.057679252,-0.025005425,-0.041182814,-0.383097644
105.324109,10.2619775,2.516333236,-0.101016868,-0.000745754,-0.06523649,-0.040122927,-0.072397292,-0.376425926
105.4881539,10.39704369,2.507360123,-0.139456404,-0.001477626,-0.072690003,-0.055561572,-0.103907463,-0.369558233
105.6399297,10.51627006,2.50224894,-0.173935783,-0.002341696,-0.079141065,-0.069400148,-0.13202684,-0.362794927
105.7967478,10.63347433,2.500070771,-0.208316417,-0.003398636,-0.08537376,-0.083132169,-0.159993329,-0.355338691
105.9419398,10.73648102,2.500731396,-0.238949072,-0.004505293,-0.090802838,-0.095262457,-0.184900639,-0.348175305
106.1129034,10.85095398,2.504609476,-0.273374004,-0.005936342,-0.096767999,-0.108717986,-0.212952326,-0.339208462
106.2690245,10.94908585,2.510875402,-0.303181764,-0.007338037,-0.101853989,-0.120165685,-0.2373545,-0.330635853
106.414653,11.03518554,2.518882683,-0.329449269,-0.008701238,-0.105962539,-0.130053593,-0.259008008,-0.319998638
106.5558506,11.11374348,2.528481657,-0.353590304,-0.01006202,-0.109853674,-0.138941895,-0.279065079,-0.310471106
106.7555696,11.21678035,2.54485979,-0.385207637,-0.012007223,-0.114686909,-0.150226538,-0.305680935,-0.294775367
106.9276104,11.29816953,2.561328817,-0.410154234,-0.013678123,-0.118797422,-0.158785308,-0.327039322,-0.282977516
107.1019111,11.37389629,2.579985704,-0.433088233,-0.015328359,-0.122380177,-0.166313994,-0.34708829,-0.268982734
107.2610074,11.43729842,2.598553565,-0.451968471,-0.016775785,-0.124712524,-0.172208039,-0.363994978,-0.251460821
107.4205698,11.49558676,2.618482493,-0.468962182,-0.018154304,-0.126838336,-0.177218074,-0.379631688,-0.234021896
107.6185182,11.56078744,2.644799081,-0.487173016,-0.019725295,-0.128986582,-0.182158504,-0.397064409,-0.211379069
107.8002091,11.61396807,2.670297305,-0.501164455,-0.021013453,-0.130515248,-0.185522937,-0.411185536,-0.189850746
107.9773407,11.65991399,2.696210432,-0.512283103,-0.02210696,-0.131428851,-0.187763064,-0.423194159,-0.1670762
108.1457338,11.69839889,2.721666359,-0.520441686,-0.022974475,-0.131935109,-0.188940821,-0.432906589,-0.145061386
108.3140816,11.73200465,2.747789639,-0.526374947,-0.023671938,-0.131650527,-0.189270097,-0.441021011,-0.119715464
108.4924979,11.76251029,2.776083979,-0.530195624,-0.024211487,-0.130782546,-0.188714271,-0.447822598,-0.091370425
108.6505824,11.78531539,2.801578016,-0.531545626,-0.024517813,-0.129843182,-0.187502109,-0.452336723,-0.067210487
108.8518089,11.80883732,2.834471786,-0.530508755,-0.024668056,-0.128027617,-0.18502255,-0.455998114,-0.035207784
109.0276854,11.824556,2.863513012,-0.527149962,-0.024581967,-0.125922213,-0.182053714,-0.457302029,-0.006523303
109.2054232,11.8360603,2.893031932,-0.521480846,-0.024291946,-0.123194862,-0.178339046,-0.456819494,0.023774863
109.3811587,11.84330196,2.922292573,-0.513584491,-0.023802289,-0.120250928,-0.173970489,-0.454493309,0.052487199
109.5580764,11.8466339,2.951734174,-0.503665042,-0.023137019,-0.116632741,-0.1690059,-0.450491159,0.082975518
109.7178694,11.84638959,2.978239991,-0.492985016,-0.022390481,-0.113065483,-0.164041531,-0.445400171,0.109953807
109.9209716,11.84185584,3.011711688,-0.477164319,-0.021260375,-0.108099639,-0.157130178,-0.436941844,0.143538868
110.1051042,11.83388965,3.041751325,-0.460792559,-0.020083159,-0.103092977,-0.150346086,-0.427412528,0.173849281
110.288645,11.82253078,3.071314494,-0.442666792,-0.018786754,-0.097650115,-0.143143668,-0.41619369,0.20369281
110.4712799,11.80806671,3.100271595,-0.422902854,-0.017393395,-0.09189563,-0.135571586,-0.403333608,0.232187562
110.6548233,11.79058382,3.128829054,-0.401560995,-0.015922684,-0.085585074,-0.127644471,-0.38885298,0.260932749
110.8739581,11.76616746,3.162100672,-0.374284854,-0.014105818,-0.07765817,-0.117817701,-0.369586998,0.293317281
111.1130449,11.73558518,3.197236044,-0.342527504,-0.012093125,-0.068485971,-0.106725313,-0.346229265,0.326498151
111.3387958,11.70340974,3.229155792,-0.310884305,-0.010210335,-0.059205326,-0.095978371,-0.322078594,0.35663179
111.5406888,11.67231341,3.256563359,-0.281432282,-0.008577356,-0.050512128,-0.086205842,-0.298882311,0.381869041
111.7277662,11.64185423,3.280922747,-0.25333857,-0.007133897,-0.042097187,-0.077062733,-0.276150739,0.404095134
111.9188786,11.6094028,3.304710178,-0.223952396,-0.005749713,-0.033204774,-0.067664181,-0.251774135,0.425309585
112.1169915,11.57465922,3.328131947,-0.192935756,-0.004434529,-0.02369451,-0.057906376,-0.22540081,0.445686771
112.3349967,11.53553217,3.352375142,-0.158294056,-0.003150685,-0.012910432,-0.047183434,-0.195191548,0.466206807
112.5543365,11.495671,3.375073956,-0.123066567,-0.002054056,-0.001725648,-0.036447222,-0.163678948,0.4850372
112.7729876,11.45591067,3.395943979,-0.08773707,-0.001174626,0.009698857,-0.025830095,-0.1312917,0.501835673
112.9924832,11.41644647,3.415071523,-0.05219995,-0.000521331,0.021393464,-0.01528398,-0.097940823,0.516644019
113.2259663,11.37549462,3.433358885,-0.014468373,-9.10E-05,0.034026817,-0.004214033,-0.061699668,0.530085201
113.4720851,11.33408828,3.450288007,0.025066828,5.83E-05,0.047493658,0.007265013,-0.022825016,0.54173178
113.7286746,11.2935461,3.465329161,0.065861427,-0.000122493,0.061644595,0.019003533,0.018239032,0.551148617
113.9909355,11.25563341,3.477920604,0.106956036,-0.000660392,0.076068195,0.03074318,0.060550422,0.557326038
114.2653275,11.22061333,3.488065571,0.149135209,-0.001595726,0.091033533,0.042729825,0.104929772,0.560178912
114.4933121,11.19573936,3.494135383,0.183451413,-0.002650981,0.103360608,0.052454501,0.141711889,0.560191568
114.7180143,11.17547769,3.498026118,0.216526474,-0.003923889,0.115278621,0.06182074,0.17771593,0.557627646
114.9315058,11.16055419,3.499806018,0.247220801,-0.0053338,0.126275174,0.07052129,0.211578929,0.552418859
115.1328256,11.15069406,3.499781352,0.275447184,-0.006827657,0.136304446,0.078542207,0.243082696,0.5450381
115.33096,11.14529507,3.498150903,0.302484991,-0.008438191,0.14582811,0.086255415,0.27356857,0.535586154
115.5280248,11.14445805,3.494956143,0.328593068,-0.010161805,0.154855899,0.093743654,0.303272567,0.523634773
115.7201533,11.14827315,3.490336996,0.353235111,-0.011941763,0.163115763,0.100860318,0.331531837,0.509048502
115.9324368,11.15813492,3.483510979,0.379501467,-0.014003105,0.17172715,0.108514287,0.361852481,0.49064409
116.1478932,11.17457456,3.474736016,0.405046253,-0.016170641,0.179788259,0.1160452,0.39151038,0.46905399
116.3707124,11.19880836,3.463700984,0.430180912,-0.018460045,0.187327307,0.123564168,0.420825728,0.443589654
116.5802609,11.22870802,3.451495417,0.452544035,-0.020626702,0.193549958,0.130371663,0.446981571,0.416316664
116.7829329,11.26455838,3.437989912,0.472914303,-0.022705066,0.198775313,0.136697599,0.470826613,0.387359482
116.9789462,11.30607182,3.423317019,0.49138047,-0.024672982,0.203102597,0.142565488,0.49240724,0.357448022
117.1631651,11.35154589,3.408058677,0.507451856,-0.026450595,0.206299833,0.14781166,0.511165189,0.326540643
117.336878,11.40045304,3.392340595,0.521482206,-0.028047638,0.208269481,0.152529432,0.527445359,0.293350876
117.5024484,11.45278129,3.376129554,0.533748249,-0.029476019,0.209699552,0.156796988,0.541568058,0.261804737
117.696111,11.52143227,3.355601772,0.546530878,-0.030994531,0.210594832,0.161453531,0.556148839,0.223946471
117.8632905,11.58749437,3.336478766,0.556197734,-0.032157134,0.210018245,0.16518307,0.56698138,0.186154776
118.0217112,11.65622473,3.317114763,0.564057187,-0.033106979,0.208720642,0.168433426,0.575595107,0.149118722
118.1892475,11.73574397,3.295269669,0.570818247,-0.033921428,0.206559017,0.171521467,0.582769682,0.109144269
118.3528634,11.82055478,3.272522348,0.575768413,-0.034505727,0.203499725,0.174157835,0.58771128,0.068615835
118.5147395,11.91181812,3.248579157,0.578897504,-0.034852761,0.199452198,0.176349091,0.590413369,0.026880387
118.6691899,12.0061071,3.2243377,0.580075187,-0.034945602,0.194621353,0.178001132,0.590784263,-0.014126135
118.8198075,12.10523004,3.19932084,0.579349811,-0.03479007,0.188959659,0.179143929,0.588891258,-0.055013545
118.9661946,12.20874348,3.173641528,0.576686519,-0.034385802,0.182468054,0.179750034,0.584736279,-0.095731198
119.1084978,12.31652828,3.147329067,0.572068235,-0.033737163,0.175296526,0.179800164,0.578337555,-0.13525716
119.2469562,12.42854644,3.120395043,0.565444092,-0.032848055,0.167441338,0.179263881,0.569692703,-0.1736248
119.3771704,12.5406582,3.093819548,0.557104639,-0.031768704,0.159273633,0.178160914,0.559220907,-0.209138777
119.503568,12.65605749,3.066831843,0.546906483,-0.030492361,0.150360773,0.17647436,0.546762417,-0.244519477
119.6273714,12.77564093,3.039234304,0.534721991,-0.02902052,0.140915919,0.174157304,0.532228129,-0.278157217
119.7749718,12.92703322,3.004808995,0.517104232,-0.026982461,0.128855001,0.170422899,0.511710282,-0.315681425
119.9077813,13.07174117,2.972425836,0.498128487,-0.024896134,0.116906259,0.166040259,0.490129921,-0.349143188
120.0155666,13.19523136,2.945193682,0.480390865,-0.023041204,0.106708443,0.161686261,0.470360784,-0.37413743
120.1292105,13.33135789,2.915613511,0.459264472,-0.020946223,0.095401369,0.156235241,0.447263583,-0.39881719
120.2433323,13.47413846,2.885100769,0.435462818,-0.018727524,0.083697276,0.149804293,0.421745008,-0.420415625
120.3594617,13.62553177,2.853356048,0.408529559,-0.016389998,0.071387867,0.142208646,0.393437797,-0.439639077
120.4756136,13.78279558,2.821095794,0.37883179,-0.014017305,0.058826969,0.133486787,0.362859737,-0.455447076
120.5933213,13.94760678,2.788144225,0.34597389,-0.011632838,0.045779854,0.123456448,0.329733476,-0.469055561
120.7036897,14.10645788,2.757302278,0.312719157,-0.00946802,0.033587216,0.112932334,0.29691037,-0.478073579
120.8175796,14.27389097,2.725880771,0.27617478,-0.007366463,0.021160278,0.10097125,0.261574647,-0.483762806
120.9424109,14.46025645,2.692378591,0.233872383,-0.00528368,0.007735335,0.086647104,0.221553315,-0.486939507
121.0860816,14.67640308,2.655732672,0.182845391,-0.003252382,-0.007101667,0.068740842,0.174436844,-0.486003445
121.2187343,14.87538505,2.624394782,0.13424855,-0.001788092,-0.020213777,0.05110955,0.130617336,-0.482529997
121.3410308,15.05653198,2.598138871,0.088808582,-0.00081935,-0.031637104,0.034168312,0.090476346,-0.4772496
121.4658934,15.23765626,2.574321124,0.04233339,-0.000216541,-0.04263183,0.016443005,0.050162263,-0.470625427
121.6053551,15.43381184,2.551599694,-0.009064621,5.86E-06,-0.054136561,-0.00355251,0.006338799,-0.462570005
121.7384323,15.61371128,2.533891578,-0.05711513,-0.000198063,-0.064320169,-0.022536663,-0.034007362,-0.454287616
121.8656288,15.77823598,2.520600123,-0.101777218,-0.000737538,-0.073435316,-0.040356247,-0.071064837,-0.446689802
122.0015763,15.94556228,2.510210067,-0.147870671,-0.001642974,-0.0825516,-0.058839691,-0.108960556,-0.438970205
122.1355032,16.10157869,2.503631262,-0.191427391,-0.002821382,-0.09079573,-0.076311421,-0.144536793,-0.430704972
122.262367,16.2412875,2.500515849,-0.230877462,-0.004158621,-0.098079721,-0.092070885,-0.176639756,-0.422932585
122.3972738,16.38137915,2.500255592,-0.270795861,-0.005773614,-0.105292581,-0.107886729,-0.20908669,-0.41455266
122.5385313,16.51898765,2.503037887,-0.310334087,-0.007634814,-0.11230908,-0.123353492,-0.241262405,-0.405598447
122.6827783,16.65031423,2.50876173,-0.348206293,-0.009665345,-0.1192676,-0.13791497,-0.272208324,-0.398404528
122.8297913,16.77505411,2.517246442,-0.384335934,-0.01183249,-0.125256394,-0.151511005,-0.301915781,-0.386557798
122.9622817,16.87999272,2.526915213,-0.414785602,-0.013837714,-0.130190842,-0.162696132,-0.327160875,-0.375087175
123.0951451,16.97847184,2.538308864,-0.443247131,-0.015864854,-0.134804681,-0.172879854,-0.351002984,-0.363425341
123.2737504,17.1007949,2.555959189,-0.478245594,-0.018568899,-0.140270115,-0.184971195,-0.380763978,-0.3458448
123.4317892,17.19998189,2.573501798,-0.506121806,-0.020899247,-0.144886197,-0.194188307,-0.404945203,-0.331627649
123.5856469,17.28887793,2.592062959,-0.530532982,-0.02307864,-0.148324508,-0.201887608,-0.426597688,-0.312965248
123.7285989,17.36506887,2.610438821,-0.550892569,-0.025004236,-0.150845829,-0.207982763,-0.44511,-0.293044089
123.8646869,17.43216806,2.628809362,-0.568149739,-0.026723071,-0.153049689,-0.212850594,-0.461258339,-0.274575804
124.0486957,17.51492053,2.65481389,-0.588191809,-0.028837552,-0.155462931,-0.218034655,-0.480795172,-0.248578177
124.2058283,17.57871837,2.677920305,-0.602344107,-0.030428167,-0.156824108,-0.221247634,-0.4953952,-0.224185884
124.3608493,17.63579555,2.701396839,-0.613774842,-0.03179453,-0.157333747,-0.223413598,-0.508000338,-0.196723802
124.5239571,17.68988031,2.726709035,-0.623076264,-0.032994585,-0.157405908,-0.224651389,-0.519304557,-0.167198458
124.7134765,17.74544063,2.756762635,-0.630401417,-0.034063603,-0.156913465,-0.224809155,-0.529900192,-0.132327719
124.891488,17.79087992,2.785489018,-0.634037362,-0.034747891,-0.155874991,-0.223808278,-0.537445314,-0.098967999
125.0642027,17.82905291,2.813710191,-0.634553253,-0.035102928,-0.154447549,-0.221811133,-0.542495258,-0.06693137
125.2323515,17.86090614,2.841424513,-0.632344906,-0.035163188,-0.151961323,-0.218976543,-0.54532436,-0.031303833
125.3878233,17.88592119,2.867188412,-0.628076367,-0.034980933,-0.149347212,-0.21565022,-0.546184802,0.001070084
125.5683273,17.90987953,2.897186948,-0.620407206,-0.034479389,-0.145854228,-0.210955198,-0.545008662,0.038366981
125.7511376,17.92886202,2.927577352,-0.609805685,-0.033671207,-0.14158106,-0.205360602,-0.541486822,0.0773483
125.936383,17.94297824,2.958292434,-0.59633554,-0.032569659,-0.137166575,-0.198915287,-0.535603244,0.113402405
126.117594,17.95208077,2.988176851,-0.580663695,-0.031243748,-0.132142949,-0.191928481,-0.527666022,0.149556492
126.2887354,17.95665068,3.01618194,-0.563735158,-0.029791438,-0.126664633,-0.184771709,-0.518247266,0.185094365
126.4691715,17.95748669,3.045404882,-0.543813662,-0.028080125,-0.1205898,-0.176706107,-0.506371893,0.220744364
126.6644639,17.95408507,3.076598517,-0.520003922,-0.026053216,-0.113571836,-0.167436658,-0.491332398,0.257843841
126.9196617,17.94343875,3.116528619,-0.485634083,-0.023193962,-0.103668596,-0.154582161,-0.468367182,0.304173339
127.0972316,17.93224899,3.143658615,-0.459852651,-0.021117813,-0.096192598,-0.145249296,-0.450350787,0.335672013
127.2758795,17.91815356,3.170334921,-0.432530119,-0.018993049,-0.088329832,-0.135593276,-0.430624763,0.365790176
127.4972717,17.89712964,3.202435155,-0.396968915,-0.016357012,-0.078176578,-0.123329342,-0.404080736,0.400528803
127.7144208,17.87314449,3.232780204,-0.360505075,-0.013819877,-0.067640001,-0.111056653,-0.375935627,0.432855889
127.9342416,17.84597255,3.26223644,-0.322312263,-0.011356182,-0.056542429,-0.098481396,-0.345522381,0.462943063
128.1353818,17.81899558,3.287986035,-0.286440328,-0.009234019,-0.045958288,-0.086897866,-0.316138411,0.488637375
128.3376454,17.79024696,3.312639758,-0.249668569,-0.007261693,-0.034962217,-0.07522624,-0.285229647,0.512452644
128.5672998,17.75615584,3.339033869,-0.207293936,-0.005256096,-0.021999455,-0.062002436,-0.248655099,0.537607698
128.776397,17.72427011,3.361509494,-0.168294225,-0.003674543,-0.00989692,-0.050023308,-0.214118781,0.558023636
128.9964364,17.69037285,3.383486704,-0.127015619,-0.002288236,0.003168632,-0.037522241,-0.176670664,0.577371996
129.2237075,17.65556167,3.404315193,-0.08429449,-0.00117732,0.016973641,-0.024756012,-0.136966969,0.59506887
129.4587313,17.62041054,3.42379067,-0.040189464,-0.000389282,0.031536562,-0.011737756,-0.094988935,0.610996307
129.7023411,17.58558697,3.441705811,0.005292631,2.73E-05,0.046881979,0.001537792,-0.050674605,0.625022017
129.9540063,17.55210608,3.457736433,0.051863735,2.24E-05,0.062900096,0.014998207,-0.004237828,0.636780746
130.2096978,17.52150095,3.471409299,0.098590374,-0.00043639,0.079285036,0.028393045,0.043407129,0.645813569
130.4550688,17.49613007,3.482031466,0.142804424,-0.001301964,0.094973548,0.040988843,0.089408317,0.651290323
130.7040854,17.47513924,3.490299394,0.186892612,-0.002594595,0.110740281,0.05349521,0.136143869,0.653412153
130.9330949,17.46069913,3.495668234,0.22666645,-0.004137496,0.125116721,0.064751447,0.179007423,0.652901188
131.16715,17.4513681,3.498946781,0.266477152,-0.006047072,0.139504781,0.07601251,0.222538839,0.649169615
131.3928684,17.44812771,3.499999902,0.303991896,-0.008186703,0.153037711,0.086637409,0.264099583,0.642611787
131.6128758,17.45093364,3.499039868,0.339648266,-0.01053087,0.165746888,0.096765828,0.304057372,0.632781942
131.8267755,17.45978951,3.496230274,0.373376407,-0.013030189,0.177575653,0.10639076,0.342235077,0.619898889
132.0375434,17.47488717,3.491652997,0.405622641,-0.015678527,0.188797353,0.115650842,0.379056334,0.604927388
132.2407922,17.49587228,3.485534581,0.435738918,-0.01838163,0.198964658,0.124368298,0.413693154,0.587033027
132.4309083,17.52159937,3.478288423,0.46295574,-0.021016355,0.207767297,0.132321011,0.445183031,0.566707449
132.6148708,17.55246292,3.469862556,0.488367898,-0.023640645,0.21554798,0.139827137,0.47471493,0.543459723
132.826707,17.59574723,3.458412789,0.516421517,-0.026721355,0.22377154,0.148228046,0.507428468,0.513854412
133.0396391,17.64817973,3.444980283,0.543175253,-0.029838219,0.231063634,0.156384075,0.538708207,0.480325703
133.2390263,17.70597241,3.430604428,0.566826471,-0.0327364,0.236952539,0.163747025,0.566371599,0.445635546
133.4272436,17.76880017,3.415382453,0.587753459,-0.035411097,0.24174553,0.170420832,0.590833163,0.4109259
133.6014627,17.83462151,3.399804715,0.605804271,-0.037798866,0.244831004,0.176337214,0.611881205,0.372814267
133.7588543,17.90085892,3.384445955,0.621002244,-0.039862359,0.246813895,0.181468557,0.629492412,0.335924349
133.948373,17.98977526,3.364245492,0.637620958,-0.042173136,0.248245863,0.187306995,0.648625462,0.289413236
134.1208324,18.08006495,3.344141724,0.651024697,-0.044071874,0.248533731,0.19227129,0.663872576,0.244943766
134.2786012,18.17114788,3.324210698,0.661647504,-0.045593718,0.247636508,0.196471331,0.675770148,0.200909919
134.4260522,18.26420986,3.304153938,0.669999505,-0.046793859,0.245422676,0.20006231,0.684912448,0.154848504
134.5847925,18.37371113,3.28089278,0.677117444,-0.047807226,0.242035736,0.203524567,0.692389091,0.103925763
134.7445015,18.49454385,3.255585095,0.681969406,-0.048474483,0.237294038,0.206490998,0.697058085,0.050225891
134.8938421,18.61819704,3.230018388,0.684120405,-0.048727452,0.231478701,0.208716285,0.698492639,-0.002480002
135.034179,18.74478568,3.204140887,0.683713262,-0.048587128,0.224660034,0.210231305,0.696895884,-0.054204866
135.1670963,18.87496268,3.177798881,0.680817477,-0.048068218,0.21688811,0.211051384,0.692385554,-0.104922249
135.2932176,19.00873947,3.15097616,0.675454549,-0.047183327,0.208209551,0.211167785,0.685035542,-0.154475053
135.4129924,19.14605005,3.123676024,0.667622982,-0.04594644,0.198654015,0.210561865,0.674902856,-0.20278849
135.5275765,19.28781002,3.095712901,0.657220423,-0.044361261,0.188155068,0.209194204,0.661932204,-0.250236856
135.6380605,19.43520099,3.06685974,0.644071986,-0.042426457,0.176834616,0.207002013,0.645985882,-0.295671641
135.7445984,19.58839068,3.037099151,0.62805305,-0.040155513,0.164671903,0.203919373,0.627002863,-0.339056597
135.8443431,19.74273102,3.00734767,0.609623256,-0.037647742,0.152055191,0.200001183,0.605617035,-0.379120908
135.9388556,19.89972441,2.977331397,0.588640075,-0.034919077,0.138972047,0.195190047,0.581746263,-0.415882545
136.0298567,20.0617047,2.946639903,0.564762304,-0.031968067,0.12533742,0.189366664,0.555100167,-0.449357396
136.1187116,20.23096153,2.914902392,0.537514248,-0.028791483,0.110951875,0.182353632,0.525284675,-0.480130683
136.2257251,20.45040262,2.874334554,0.498969813,-0.024628034,0.092395084,0.171881992,0.484034302,-0.512733744
136.3141905,20.64524633,2.838958893,0.461887409,-0.020972557,0.076101134,0.161282908,0.445282822,-0.535299557
136.3905481,20.82323219,2.807272975,0.425912657,-0.01774002,0.061533023,0.150569306,0.408464431,-0.550525604
136.468975,21.01503019,2.773920541,0.3850752,-0.014431802,0.046191039,0.137938279,0.36753246,-0.56199416
136.5437061,21.20528926,2.741788379,0.342689885,-0.011389824,0.031335723,0.124342906,0.32593906,-0.569286557
136.6129467,21.38676161,2.712171643,0.300687203,-0.008755801,0.017710107,0.11041494,0.285562794,-0.571850009
136.6924608,21.59910755,2.679004176,0.249866163,-0.006057451,0.002423122,0.092999256,0.2377405,-0.570496904
136.7880971,21.85594995,2.641397316,0.186287365,-0.003407637,-0.015265923,0.070409485,0.179386844,-0.564842538
136.8651025,22.06033688,2.613753391,0.134333931,-0.001819167,-0.028686507,0.051349848,0.132802867,-0.557842022
136.954698,22.29167219,2.585274544,0.074274297,-0.000606386,-0.043197765,0.028721852,0.080062856,-0.547995065
137.0442413,22.51294072,2.561187985,0.015776286,-4.78E-05,-0.056508739,0.006159675,0.029703876,-0.53769617
137.1312499,22.71658073,2.542063128,-0.038857341,-6.56E-05,-0.068379692,-0.01528456,-0.016548997,-0.528153905
137.2215325,22.91518893,2.526502996,-0.092797493,-0.000582791,-0.07963937,-0.036713116,-0.061588212,-0.519000438
137.3266336,23.13007082,2.513421244,-0.151846929,-0.001708274,-0.091527489,-0.060341095,-0.110324528,-0.509361813
137.4378279,23.33915544,2.504758087,-0.209900443,-0.003377976,-0.102765537,-0.083605342,-0.15782065,-0.499537981
137.5344016,23.50664975,2.500934321,-0.256778681,-0.005131672,-0.111695297,-0.10231458,-0.195984,-0.492080206
137.6457171,23.68493671,2.5001254,-0.306989615,-0.007412276,-0.121122124,-0.122178097,-0.236781926,-0.484096213
137.7669463,23.86292785,2.502899809,-0.357306133,-0.010118202,-0.130320485,-0.141798782,-0.277704907,-0.474792292
137.8774726,24.01209543,2.508170392,-0.39949587,-0.012715983,-0.137615825,-0.157951013,-0.312146401,-0.463965232
137.9898224,24.15228788,2.515739937,-0.43915663,-0.015436163,-0.144890384,-0.172822207,-0.344699438,-0.456221585
138.1083312,24.2889395,2.52572775,-0.477659742,-0.018341339,-0.151638174,-0.186910219,-0.376559044,-0.44568029
138.2331066,24.42164164,2.538079089,-0.514584756,-0.021380737,-0.157866588,-0.200034308,-0.407461357,-0.432542018
138.3562468,24.54249154,2.551789616,-0.547861146,-0.024339187,-0.162985158,-0.211486369,-0.435668581,-0.415923644
138.4682985,24.64454678,2.565355364,-0.575514863,-0.026963501,-0.167585452,-0.220687285,-0.459452279,-0.403097461
138.5948801,24.75156486,2.581719861,-0.603741147,-0.029807975,-0.172105764,-0.229724055,-0.484175021,-0.386864304
138.7266696,24.85445878,2.599732825,-0.630043238,-0.032619415,-0.175488614,-0.237765074,-0.507722593,-0.363841753
138.8800163,24.96420686,2.621716613,-0.656837542,-0.035660474,-0.178847885,-0.2454842,-0.53241444,-0.336690603
139.0520148,25.07570965,2.647426505,-0.682283057,-0.038740157,-0.182035488,-0.252227099,-0.556823391,-0.306612603
139.2105484,25.16860216,2.671903037,-0.701472166,-0.041220621,-0.184272907,-0.25674251,-0.576268341,-0.27804619
139.361149,25.24880256,2.695701251,-0.716343513,-0.043266529,-0.184993328,-0.259732841,-0.59231319,-0.244537174
139.5380276,25.33377712,2.724183289,-0.729621119,-0.045243325,-0.185046507,-0.261689241,-0.608103907,-0.203821913
139.7161432,25.41006637,2.753306975,-0.738570683,-0.046749609,-0.184411684,-0.262078698,-0.620735509,-0.162570778
139.8919327,25.47692764,2.782366526,-0.743379934,-0.047769505,-0.183259909,-0.261077305,-0.630174149,-0.12256443
140.0574672,25.53276932,2.809927559,-0.744311612,-0.048295731,-0.181424683,-0.258939587,-0.636318609,-0.083680801
140.2178576,25.58072419,2.836744285,-0.742079756,-0.04841677,-0.178458968,-0.255862022,-0.639831923,-0.041507804
140.3691855,25.62075477,2.862093124,-0.737304132,-0.048194877,-0.175204392,-0.252128198,-0.641024874,-0.001888137
140.4092891,25.63055252,2.868812573,-0.735594674,-0.048080147,-0.174429003,-0.251003245,-0.640985025,0.007459002